-- phpMyAdmin SQL Dump
-- version 5.2.0
-- https://www.phpmyadmin.net/
--
-- Servidor: 127.0.0.1
-- Tiempo de generación: 13-06-2023 a las 05:04:01
-- Versión del servidor: 10.4.27-MariaDB
-- Versión de PHP: 8.0.25

SET SQL_MODE = "NO_AUTO_VALUE_ON_ZERO";
START TRANSACTION;
SET time_zone = "+00:00";


/*!40101 SET @OLD_CHARACTER_SET_CLIENT=@@CHARACTER_SET_CLIENT */;
/*!40101 SET @OLD_CHARACTER_SET_RESULTS=@@CHARACTER_SET_RESULTS */;
/*!40101 SET @OLD_COLLATION_CONNECTION=@@COLLATION_CONNECTION */;
/*!40101 SET NAMES utf8mb4 */;

--
-- Base de datos: `sistema_control_tarjeta_sae`
--

-- --------------------------------------------------------

--
-- Estructura de tabla para la tabla `archivos`
--

CREATE TABLE `archivos` (
  `id_archivo` int(11) NOT NULL,
  `nombre_archivo` varchar(100) NOT NULL,
  `descripcion_archivo` varchar(100) NOT NULL,
  `fecha_creacion_archivo` date NOT NULL,
  `id_carpeta` int(11) NOT NULL
) ENGINE=InnoDB DEFAULT CHARSET=utf8mb4 COLLATE=utf8mb4_general_ci;

--
-- Volcado de datos para la tabla `archivos`
--

INSERT INTO `archivos` (`id_archivo`, `nombre_archivo`, `descripcion_archivo`, `fecha_creacion_archivo`, `id_carpeta`) VALUES
(1, 'bootstrap-5.2.3-dist.zip', 'Achivo comprimido', '2023-03-08', 1);

-- --------------------------------------------------------

--
-- Estructura de tabla para la tabla `autorizacion`
--

CREATE TABLE `autorizacion` (
  `id_autorizacion` int(11) NOT NULL,
  `estado` tinyint(4) NOT NULL,
  `fecha` timestamp NOT NULL DEFAULT current_timestamp() ON UPDATE current_timestamp(),
  `area` varchar(50) NOT NULL,
  `firma` text NOT NULL,
  `id_cliente` int(11) NOT NULL
) ENGINE=InnoDB DEFAULT CHARSET=utf8mb4 COLLATE=utf8mb4_general_ci;

--
-- Volcado de datos para la tabla `autorizacion`
--

INSERT INTO `autorizacion` (`id_autorizacion`, `estado`, `fecha`, `area`, `firma`, `id_cliente`) VALUES
(1, 1, '2023-03-08 20:56:45', 'TRAMITADOR', 'data:image/png;base64,iVBORw0KGgoAAAANSUhEUgAAAu4AAAEsCAYAAACc1TboAAAgAElEQVR4Xu2dacwvSVWHL3fm3mE2GFYXBHEhIqCICybuECJoookmGjBC4q4JBmPcYvSLUWP0gxo1rtEEDBLjkmiigAjuuCsoIhENi0RlnRlmxrkzuJzD/Hum5z9d1bV3narnTTp35n27q855zunuX1efrnrQBX4gAAEIQAACEIAABCAAge4JPKh7CzEQAhCAAAQgAAEIQAACELiAcCcJIAABCEAAAhCAAAQgYIAAwt1AkDARAhCAAAQgAAEIQAACCHdyAAIQgAAEIAABCEAAAgYIINwNBAkTIQABCEAAAhCAAAQggHAnByAAAQhAAAIQgAAEIGCAAMLdQJAwEQIQgAAEIAABCEAAAgh3cgACEIAABCAAAQhAAAIGCCDcDQQJEyEAAQhAAAIQgAAEIIBwJwcgAAEIQAACEIAABCBggADC3UCQMBECEIAABCAAAQhAAAIId3IAAhCAAAQgAAEIQAACBggg3A0ECRMhAAEIQAACEIAABCCAcCcHIAABCEAAAhCAAAQgYIAAwt1AkDARAhCAAAQgAAEIQAACCHdyAAIQgAAEIAABCEAAAgYIINwNBAkTIQABCEAAAhCAAAQggHAnByAAAQhAAAIQgAAEIGCAAMLdQJAwEQIQgAAEIAABCEAAAgh3cgACEIAABCAAAQhAAAIGCCDcDQQJEyEAAQhAAAIQgAAEIIBwJwcgAAEIQAACEIAABCBggADC3UCQMBECEIAABCAAAQhAAAIId3IAAhCAAAQgAAEIQAACBggg3A0ECRMhAAEIQAACEIAABCCAcCcHIAABCEAAAhCAAAQgYIAAwt1AkDARAhCAAAQgAAEIQAACCHdyAAIQgAAEIAABCEAAAgYIINwNBAkTIQABCAxA4C7x4eqTH5fk3/8ZwCdcgAAEINCUAMK9KW46gwAEIDAlgf8Vr8/vN9x/pkwFnIYABHIIcOHMocexEIAABCDgI7Al2Jf9/0/+4yL4IAABCEAgnADCPZwVe0IAAhCAQBiBD8huV+3sinAPY8leEIAABO4lgHAnGSAAAQhAoCQB3yj7up+75X8ul+yYtiAAAQiMTgDhPnqE8Q8CEIBAGwKhgl2tYbS9TUzoBQIQGIwAwn2wgOIOBCAAgcYEdHaY2Fp17j2Ng0R3EIDAGAS4eI4RR7yAAAQg0JrAzdLhQxM6ZbQ9ARqHQAACEFACCHfyAAIQgAAEYgnElMWctz3jfUc/1l2/ldCHl72Pd2Njwv4QgMAEBGa8gE4QVlyEAAQgUIVASlnM2pDRR9vXAj3m/qpcbpftxipRo1EIQGAYAjEXlmGcxhEIQAACEIgioKue6mqnIT8qQl33lhHuOV8v/v30yscaPilDfUgKZR4SF/aBAAQGIFDjgjMAFlyAAAQgAIETgdCymGU0Xf/d+tF2LJWH/K3Y+9STQD/6XqlMKa/hlIQABKhxJwcgAAEIQMAptEMFq44OXy2bb+Gl0LZah+N90uFDOhHoob6PXnIUyoH9IDAdgV4vpNMFAochAAEIdEIgZNXTxdRzAekabV+E/ZEuXjk9XOh9b5R735vFlyccCZW+IQCBtgRGuXi1pUZvEIAABMYkEFsWs6bg+3C15b1G6/F19F9/WvZ7nhHLQ4yrVl1/n/sQwcj7mOchXkHASeDIixphgQAEIACBPgiECna19m7ZLm+Y7Rptv032rTFbitqx1MwfeS9b/NY3FVtcQiO8+BPrS+z+ofawHwQg0CEBTvgOg4JJEIAABBoRiJne0fdxqUv4lxoRThW1JTEuH4iqQL+mZMOOtt4vv79etr379N7fG5hKFxCAQCsCnPCtSNMPBCAAgX4IxKx6GiK+XaPtufeYmAeLUnQXgX6rNPiwUo0WaKcW4wKm0QQEINCKQO5FtZWd9AMBCEAAAmUIxJTF3CJd3rTTbY3R9hgbU6ksAv110sAnpzbS8DiEe0PYdAWBXgkg3HuNDHZBAAIQKEsgZvQ6Zs71koKytGBfbNN/v0m2nyuLtGlrJTk3NZzOIACBcgQQ7uVY0hIEIACBHgnErnp6McKJEqPtyywwOfejRdSqPcuMMhFumNgV4W4iTBgJgboEci6UdS2jdQhAAAIQyCUQOoIdUsd+bovvgSDk3hLzBmDdt9o6skB3xRzhnns2cDwEBiAQcnEdwE1cgAAEIDAVgVDBrlBSF0dyCcm9MpsY25agaV/Pke2VU0XxPmddDzkpD1yTIsRtCIxBAOE+RhzxoiyBv5XmniKblgy4FkiZccSvLGVaq0EgZ9XTGHtSFltKFewxpTsxPlja1/WQ5JpT35Jv2AoBCEQQQLhHwGJXkwR8Irxk/s9QY2syASYyOlQYlxilDRWSV4T/pdMDcEwo9kbtY9qyvm+J7wisM8B+CEDgRKCkcAEqBI4goCOMy8j4Ef3v9Ymg3yPE33MJhAp27afECG2IkEytX9fzWYU+P/cRoLadbIAABO4lgHAnGawSiBErPfqIoO8xKrZsihHHJUewfUIy5bzU9l4h2xfYwt/E2pCHpCaG0AkEINAHAYR7H3HAijACMUIlrMX+9lIRo+UF1/ZnGhZ1QqD0qqcxbvmEZOz9pETJToztFvdltN1i1LAZAhUJxF5oK5pC0xDYJPAu+e0jZJstVxE1nBBbBGJGtENWPY2l7BKSMe2UHP2P6dfavoy2W4sY9kKgAYHZxFADpHRRiECL0fW1CFmWP9eb5T/KFrIE+lJfry7XOpdqtVsoTDTTiEDM+VBLGMc8NGxhSZ12shHirrp5p1jzKIdFXBO6ChXGQKAtAS4AbXnTm59A6gwU2mquCC8Zm9KCvpYQK+kzbdUhUHPV0xiL3y873xBzwGlfPS/fLttHJhw78yGpc+TPzAzfITAFAYT7FGHu3smckTxLJSU5gt6Sn90nnBEDQ8+L2rkRascaa22bjIQwyUzfXPzcs5OQchAExiHARWCcWFrz5A4x+MGypeSgigKd1u4aa0477I2Z0lJr/h89iN+4sU0gRijXKj95q5j22ITzE8Gen9Wu0fZasc63mBYgAIFmBFJEUzPj6GhYAjH1umsIM5SMhIi2GTgMm/wex1qteupjG2PDuh1EZZmMTVmRtkzPtAIBCJgggHA3EaahjAwRpmuHdfTpPbK5PtQaCs7JmZAHG0Y2x4p86HlRK+4hOXdOXG3RN2cpte9jRa+cN67Rdt60lWNMSxAwTQDhbjp85owPFSfq2Oyjyr5ZJdaBL7ESprlEGsjgmHOiRqxj+l9jv03+58aB4tCDK0z/2EMUsAECnRNAuHceoIHMC5n/udZoomWMIcKqhqCzzMyC7TEj3KUfYn9XAD1bttTrP+dpnQxjsaU6XGkVAkMRSL1wDwUBZ6oSeJu0rh+5+X6oj93nc3GHIedy1TQu1viRq57qA97VBTwh1wpAPGuC0fbyTGkRAkMS4AI8ZFi7cSrkQzed4/lx3VjctyG+txaMgvYdO7Uu5O3J4kXJVU9jRveX/jWftu4P5FmdPGO0vQ5XWoXAcAQQ7sOFtBuHQsQC+RcfLp/4o2QmnmeLI0LOhcWOkmUxMQ8Ka8Gub3cQki0y454+GG1vx5qeIGCeAMLJfAi7dGBPMDBqlxc2H1/O6Ty2JY/WlYAvBzZY6pz4fOnv5Y7Rcp8p6/4RkoFBK7Cbr3yJc7kAYJqAwGgEuDCMFtHj/UG0t4mBa0S0lABs48XYvbT8IPtOQZmyINn5CP9d0s4lR1i4X5TPV1eOlHzzUt5qWoQABA4jwIX4MPRDdrwnVLgZlQu7T2Dp31JEXDnraGnvAVYJlfooO6SvdUT0PNXvT7beBiAk2+Uub87asaYnCAxDAOE+TCgPdYSZY47BT0nDMdxDem31IXGMaN97G4OQDIlsmX34VqUMR1qBwHQEEO7Thby4w8wcUxxpVIN8RBiFq9nOW3HZE86xxu294VraC+3X1R4fPcdGxr+/79uH0FiVtYjWIAABMwQQ7mZC1aWhIfNCk2N1Q+cauYN7Xe57rW+J4FKlYi+Vzp+3Z4D8PaY/3t4EAC20i++Bi/O2EGSagcCoBLhIjBrZNn61Kgdo443NXlxTDXJuHxfPN0jXT9ro/jb53Y2ZZoW84dJ9XB+YbnXva5M8ygzY2eGUI5XlSWsQmI4AF+XpQl7MYUR7MZRZDblEF+d2Ftasg2vFJKSePSXufJCaFe7gg33xK/WhcrAx7AgBCNgkkHKRt+kpVpck4BPtMa/nS9o0a1uuD4NZkfa4jKhRvrQn2lNroxkBbpMnuhLuQxxdpcaujeX0AgEIdEUA4d5VOEwY47vRcwM6JoRbD1KM4B0TC+21tHDf+wg19bz7MbH1RQ5M75PfP/w4hMP1TF37cCHFIQgcQwDhfgx3q70i2vuMXM0PIfv0uG+rSs0oc7u4ed2OqzlvuFjEq00e8VajDWd6gcAUBBDuU4S5iJN7M8iQS0UwJzVSSigmdc5BDyBQIh6uj47XneUstOVrn3O5XFL7OPNWrBxnWoLANAS4QE8T6mxHedWbjbBaAyWEYjXjJmw49w3IXj27Is29dvNBav3EfLV08QxHN6nlTfWtpgcIQKBrArkX/66dw7hiBBDtxVBWaQjhXgVrcqNb8bhTWrs2oMU90V5C8DFne0AgCuzCdbMARJqAAATuTwDhTkbsEfDdfGLni97ri7+nEUC4p3GrcVTOVJC1PkJd+6kPENc4HOd+UC4jqGsvx5KWIACBFQEu1KSDjwAfo/afH65p5nLqn/v3ul8LU2aU2ft+RL3N+Qh1TYsPUuvnjq+uvVQc63tBDxCAQJcEEO5dhiXJKL0h6M/FpKMfeBCivRDIys2wcmplwJHNxwr3kI9Q3yo2PD7Sjq3dGQUuADGgCR6OAiCxCwQgkEYA4Z7Grbejzm8UuXHdExO57ffGz7I9sULRsq8WbI8pW9qrZ1d/S55rLkFJyVu5zKKuvRxLWoIABDYIlLwpAPgYAls3/5wP2BDtx8QxtdcYoZjaB8eFEwiNR4t69rXVfJAaHsPUPXmjkUqO4yAAgWACCPdgVN3uWFK4I9q7DbPTsFChaM8zmxaHTAXZWrS7PpgtPaJvM2JlrKauvQxHWoEABHYIINzHSJESpTJ7op3X6X3mypYIJFbHxWorHvrx6WXZfAJ6sbjGojzM2V4/H6hrr8+YHiAAASGAcB8nDXI+Tt0T7cyE0Gee8GFqX3EJmR3GZ3GN6zHlG/VzhLr2+ozpAQIQOBGocaMAri0CiHZb8Vpby4epfcUu5GPTUIsXMaj/vku2Dw098Gw/l6i8Q/a7PrFNDruPgC/mr5HdngksCEAAAiUJINxL0rTXFqLdXszWFrtEGef1MXEtKdz3PAgR9pRv7FHM+7uv9Im3lHlsORoCEHAQ4AY/b2og2u3Hng9T+4rh3kenLa1VW1zXd677ZSLBg1EZjrQCAQhEEOACHgFrsF19IoPRIhvB3ophjY8bbdA43sqehLuLxmKj5sml45GZtYC6drOhw3AI2CaAcLcdv1Trfa/0Ee2pVNse53pNzzndNg7r3iwI9z1Br+f/1cchNNGz7/p5q3jwUBNeYCQEIGCSADd5k2HLNtp140G0Z6Nt1gAfpjZDHdyRZeHuc1L90u15sv1qMI0xd/TVtSuji2O6jVcQgEAvBBDuvUSivR3nIgPR3j4GOT3yYWoOvfLH7on2RdTlfsC69NPDtXsR9D8pOF9UHmmXLVLX3mVYMAoC8xDo4eI/D+3+PM2Z+70/b+ayiA9T+4j3FTFDF1fy/Ww9FP+FHPBpsqVegzX+67KW/5T/f5RsPYz4LoL+VWLPs/sIUxErqGsvgpFGIACBHAKpN42cPjkWAhDIJ7AlInhrks81poW9mZm0rZD50rX8QgV36vVYc+GvZHu6w/i1nal9xHBx7bsI+n+UHZ5aosGGbfjelNwldlzT0Ba6ggAEJiZw5EV8Yuy4DoEsAq4VOjmfs7BGHRxa8hIbk5CHgRhDfXXX75aGHn5qLNbOGBv29l0E/Ttkx8ft7XzA31WYu2bgoa79gIDQJQRmJnDkxXpm7vgOgRwCfJiaQy//2FDRnivqQvvxeZRyjX+bNPgY2fTYlOPzCd/TwvJW6b3y348s1WhCO9S1J0DjEAhAoA6BIy/KdTyiVQiMTwDhflyM9z5CXVuWK9yXtkrXw6fSe50c+JSOBL2WId2Q6kzgcb6HJ+6fgRDZDQIQKEeAC085lrQEgVYE+DC1Fen7+nGVJ/ksqbEYVql6+E8viPAV0tazOhL0+sHwtQX885UtaRxYwKoAZJqAAATiCCDc43ixNwR6IMCHqW2j8N/S3YMTuqx9fc2thy/1RsCF5sflDy/sSNDHrhZLiUxC0nMIBCBQl0DtG0td62kdAvMRcE0/yIqN9XJhrzxGyym2pmGsfX0tUQO/UGs5I9GXS6e/0pGg31otlqkf651PtAwBCGQQqH1jyTCNQyEAgQ0C1Le3TYuQGUWOiIlvtF1FZ+q1/Xx++La0L1xYSoG031Qfatrco001/aVtCECgMwJchDoLCOZAYIcAK6a2TZGQcokjhLvLrvXIeY/18KnR028MrjodfOR9a8bVYlNjxnEQgEAFAkdeACu4Q5MQGJqAq9a6dq3y0FA9zvlG29fXztYfC6fMdNJ7PXxqjuk5sSx+dOT9bNTVYlPjwnEQgEAlAkde6Cq5RLMQGJaAS7DpaOTlYb0+zjHXqPY575bCXec0f5gDiX4M+i0BuHJr41vWwwe4s7nLbfLb605/OfI+Z3m12FT2HAcBCFQkcOQFraJbNA2B4Qi8Tzy6yeEV53H5cIeOtmvPW8K9xlSQrr6W3299IOsj08v88OWj526R1WJb0qYvCECgOAFu+MWR0iAEqhBwjZLWEohVnDDUaOho++2rkd21ez8i//Mdhf31lbvkXstHqodPwb43c1BKmynH9LJabIrtHAMBCDQgkHuxb2AiXUAAAkKAj1LbpUHMaLtLTNe4trpyoPTD26j18K4M8pUOvV4Omm212HZnGj1BAALRBGrcXKKN4AAIQMBLgNH2tgkSOtquVrWaUcbVT+0Pk0evh/c9pNwp8XWtwNrbarGaB38j29Pbnir0BgEItCaAcG9NnP4gEE+A0fZ4ZqlHxIy2txLu+jHs1Q6HWl3DR62HD5nuMyaXelktdrF58U/z+qNk+48YZ9gXAhDoj0Cri35/nmMRBGwQcI14WpjZwwbh+1sZM9quR7aYUaa0uMyNyyj18C1XR+1ltdh17Bf/9d+3yPYxuYnB8RCAQH0CCPf6jOkBAjkEGG3PoRd3bOxoewvh3lJcxtG6Z2+r9fApc+Gn8Ak5ptfVYpfc0xi/ULafDXGGfSAAgboEEO51+dI6BHIIMNqeQy/+2JR58reEdam3IT5x2ePc/Vbq4V0LmWnGlIpdfPY98IheVovd8mU9Wq9TbH5ICYdpAwIQ2CeAcN9nxB4QOIoAo+1tycfyds2tf7OY7VokKdQjnwiu/UFqqI2u/Xqvh++t9CiWdy+rxfrsXgv7X5Qdvy7WSfaHAAS2CSDcyQwI9EngqFlE+qTRxqpY4V5rKkjfx6i9i/bzSPVWD99TiUyNrO5lxdg935YVZdXeh+7tzN8hAIH7CCDcyQYI9EkgVkT26YUtq2KZ15oKsve69tSoHl0Prw8RVzmMLz0Xfiqjmsf9pjT+xbIt9/1e7//r0fo/EnufURMKbUPAGoFeT1xrHLEXAiUJMNpekmZ4Wz0I91FF+3kUjqiHt14iE57JaXu+9zT6bUXY6zz716W5ylEQsEsA4W43dlg+LoFYATkuibaexXIvPRWkT8zqaPGltjia9FaiHl7j4BpJX5wYvUSmdrC+Xzr4LtkunjrqVTusR+v/WWx9cm0wtA+B1gR6Pflac6A/CPRCgNH24yJxpHC3/DFqqYjl1sOrHRrDK7KtVzz1lei8SfZ9YikHJm7n38X3D5PNymi95toXyvaqiWOG60YJINyNBg6zhyUQKx6HBXGAY74yla0a6FJTQY70MWqpsOXWwy92aIxc9zlrH/qWYtu6nWdJh78j27L6b6+6Yz1aryvMfkRrUPQHgRACvZ5AIbazDwRGI+ASKwiMNpHeq7tex+GHxaRv3zDrDvnd9ZHmzlLXHonl3t334pLaLve/VHJlj3uDNKdvPayM1ms+/pBs31MWA61BIIwAF64wTuwFgRYEGG1vQdndh2/l1PVReuN21VXHXlMR7eExz62HP+9J2evD8ojfDoRT7X9PfRh+8MnM2POrlXfr0fpbpNOHt+qYfuYj0OtJMF8k8Hh2Aoy295EBoeLdZW3MNXXGj1FLRblEPfyWkH+1/FJLO/ixQeA1YubnyGZltF4F/m/J9iU28GJljwRibjI92o9NEBiFAKPtfUUytTwj9JrKx6jl4v1caeqlK/FWouVlgaC92WpK9EUb9Qjo6PcNp9wIPTfrWeNuebn+69sFtZcfCDgJ9JzIhA0CsxBwLQxDbfuxGfC8kyAMtULj9aeyffbOAXyMGko0bb/Uhy5fbxpbbXf5wDLNMo7qicDPizFffRL1alevesg17azarEL/X2XT6Tp/rSe42FKPQK+JWs9jWoZAfwQYbe8vJmuLcmY4Wde+/tlJ1FPXXi/eNUT7lrUaQ50n/En1XKHlgwn8l/T/SAPCPhbT+fVn+X8dQNJFuH5ftq+MbZT92xFAuLdjTU8Q2CLAaLudvKgtCrke5+WCjj6u529ft7Z+e1UjjtomZTV58bN09DeIsT+5ivns5y5vhxtm7+zJ1hA1XUFgk4Br9PVm2fthMOuOgOtBq7ShvtfjS/21jo49W7a/L9250fZS3mS8S3x9hGwl74WU1RhNIDH7q2T7DtkeJ5vOZHOeFyXzxC4lt+XwaRBVIDeATBcQcBBwzWDC6EXfKdNKvPdNYVzr9PwreW/U9nRBn8eMi6wrz14u1jxdthtlO38LUjKuXTndiTHcuxoEgiRuAJkuIOAg4BohvFP2d73yB+bxBGqUWhzvFRacE9D7Y873DS6iiBt/rv2g/PkrZPsQ2S5vPEShW/o9V8ntBrHhBGgAmS4gsEHAN2rLedl3yriEu8btj2X7jJXYIJZ9x9Jn3bkI+TfZ+fEbQjLHwxGnnXyaAPkZ2T5etutku3gGiHMiJ2P6PpbYNogPkBtApgsIbBBwjbbrVIE6ysRPvwRiZgHy1V336yGWKYG90cNai0DdKn3fdHAIXiz96/cTaodOgUmt98EB6bz7vXOlc/NtmYdwtxUvrB2DgO/1O+dk/zF2fTh6PrIYszIqI/X9xT32XNTzWo+JPc7nuebaJ8j2hkQ8+uGtri3w0ScBvjRT0sZE00welvogvj5u+XhZ80Uf/vRbp9tl0we2d8r2NtleJ9srM+JuEi5GhxHg5A3jxF4QKEnAdfHX6eyuL9kRbVUhsBW/8+kAW62M+kni4Stke7hsa9G4dW3neh+WDiVGD/9KuvqUU0zCet3fa11W80ey+6fKpjOfLD/EN4zhei9lquJZZ/HS8+gF+02wBwSOJcCJfix/ep+PgGu0vYRYmI/mMR5vCfd1iRMro9aPi+vht8SMMNrGM2X7g4Ju1CirKWieqabOY68PyTro8UbZvlG2vzPlDcZCIJIAwj0SGLtDIJOAS3Doq1EdPeWnbwIuUb6+lvpep3PNzY9vCN9SQln70hVvPyvR7K+R435ANl2Bc11KNXMenMdP/1/LRXSl0pfK9t2JrDkMAlMQmPniMUWAcbIrAq7yCUbbuwqT1xjXG5PlWhoiKu1425+lvhKkHxVzv3XDZH3Y0vm8c+93GlstqdCypOXnZfIfX376n9z2+6Pttug8z/W8eL9sfynbcyw5gq0QsEZgpguNtdhg73gEYmYjGc/7MTzyTQUZ8zHqGDTaeuGbQvX8GwOXZbrarM6UMvu9b2vUW9eP0A8jf1i2X2obWnqDAARCCcx+8QrlxH4QyCXAaHsuwT6OT6mt5o3KhQtfKuH7tVMI3yX/6uI6sT8+9ucz+oS0/Sey03rO/ZBjRtlHWf66bF82ikP4AYFZCCDcZ4k0fh5NgNH2oyNQpv+tOPo+iES0b68+GrteQe0SpM+T9Hi1bD3eExffl1rwawrbuZ6tpsxZQisQgEA1Aj1epKo5S8MQOIgAo+0Hga/QrU9AbnXHNfaehYzOf7YeaFSQfr5sT5ft42R7rGw6D/nH7gjV2JisbTkqPmubtUTlr2X7nIR81fm/r60g5PWapQsv8QMBCHRG4KiLVmcYMAcCVQnMPNqus2moAPsI2T5MNi2ReLRs+vsnyfaQquTjG9d59C95DotZ0VI/ZCz9o6vqppSFhNpR4iPOdV+Iv23yek3QDzp9uRYas/V+tRaB+hvp5NNSDOIYCECgLAGEe1metAaBcwKjjrZ/qDj6I7I94SS+b5B/r5NNR01VXKpgqykwyTQIjERgKVf5HXHqiwo59mRp5x9kK3mfp6ymUHBoBgKpBEqe0Kk2cBwERiYw4mi7zjrxbYUFwcg5gG/jEVgE7Hq12tJelhbJ+gZI33CVvO+rjZTVlI487UHAQ6DkCQxoCEDg/gRGHG3/PXHxWQQaApMTOL93llrwaQ9ryRKbWmU1bxEnPnrPEf4OAQikEUC4p3HjKAiEEBhttP1rxemfD3GcfSBQkUDOx6jnZsXeA0NnCSq16NMexpIlNr51CPbscP09dH791PY5DgLTEYi9aE0HCIchkEjAdRO0fCP7EmHxGwk81GcdkdRlzXUGjTtk09kw9MO83j5e9H2cuvdhao2PUc9xW/g41RdTFZrvlO1W2d4j29tle5NsuuLmK095oR/Ibv2EiuaEFG1ySI0RbhcnZeXiGOLsO2Qn/Zi8pEYoXfoT4gf7QGA4AiVPyuHg4BAEEgm8T45ziTzL55wKbf14bimVUUGuKy3+uWzvlk0F2X/K9h+y/fvpb7pS5Qg/e6OR+mBSeoYQi9z2OPny/8Xi8PM9Ttpxc/oAABX3SURBVFs+d7bc+m355ReexHFt33JLbGqUAqlN+vD2KIuJjs0QOIpA7YvFUX7RLwSOJDDiaPuap5bM6A33tSehfiTrFn3viVEdSe3tzUELLud97JWw7N1vai+ydAST2D6tlNhozpeeNcr6G5XYWLM/BJII7F1IkxrlIAhMTOCK+K7lDFs/nG/2EmNPtDPSfk8Z1F5Zxl6JmE+0a3mVLjI060/vJTb/JIF5omwlr2+U1cya7fi9S6DkibbbGTtAYAICLgHCqKy94O+JdvVo9mtoCKMl8m+V/3j8Rhr42tgT/PayKt/i3ktsapXV3CboeluwLT+atACBSAKz33QicbE7BLwE9DW3q2SCc81W8oQK0pnjulcacx7xrVIIX8kFpRPh50zPJTY13hhobnyFbC8LR8SeEBiDwMw3nTEiiBc9EXAJGcopeorSvi0xgnTGa6jOCKSr5Mb+nAvx/5YGHuxpZEa2sUx9+9cQzFv9xZS1vEoaeKZsJWO79P80aff1JQHSFgR6JFDy5OnRP2yCQCsCvjpfzrNWUcjvJ0a0zzginPNRos6g8rurEPExan6+xrTQY4lNrTcFmls65ejeFK4x/NgXAl0QQFB0EQaMGICAS4To3OXXDODfDC7EiHblMZtwDy0fco3Krmch8bF+iTTwghkSrgMfawnnc9dCF4qq9ZYg5q1AB2HBBAi4CSDcyQ4I5BNwjULOJuzySR7XQqxoV0tn+uA4hc86mut7je8BYCamx2W7v+da4tkl5l0zEv2UHPBNstXQKUs+/4S0/6JeA4FdENgiUOOEgDQEZiPgEjW6kubDZoNhzF9dQOqxHps1tlrTfcPGPjoN3pON+Rtrru+D69C2QkU7D7qhRNvu10uJjX4ToW8va+kWzT99Q+r77qIteXqDwAaBWicAsCEwCwFG24+LtI7c6k/qQjB7H0cuQtIV49GvnzmlMUtWrMW4rz1E+3HnUUrPPZTY1H4zQHlNSmZwTHUCo994qgOkg+kJuEbbObfqpsY591jeeyPJIYIzts+6RMq1HirYldEeg+Xve23utVPOO1qqRaC2kF4/DGrunZfY1Jg/fs1queboitGfWQsi7UJgjwAXyz1C/B0CbgIuMcLoYd2s2eIew3xvpc/ztlxxHu36qWUClwJCt/DZE+PLfnv18aNxDEA4xS5Hl9jogl9aBlczvzS39Txwrd8xRaBxsi2Bmgnd1hN6g0B7Aoy2t2euPeZwDxWbWyNt579LLdE5hpq/1z0uy9Hrh5q9UiN9QNoTNKxx0GM21LOpZYnNcq14o/zHU04u1X4rQHlNvdyh5RMBhDupAIE0Aoy2p3HLPco3Kuy7noUIU9eo/daDQswIf67PNY8P4bL0r6Lr8pkxvvNg7/6CaK8ZWTtt1xbT5ySW83kR2foAvperOTS1n7fL9pE5jXAsBBYCNZMVyhAYmUDOqO/IXGr75uLuEtKh5R8qQF3T0o0o3EO5aDxz2W7lBPee2meK3fZblthsUVrO91o5SnmN3dzswvJaidmFcxgBgUoEGG2vBHanWd/o8BU59nwat9DRZJ9oX4Tr1qid1VKZUC57bxX2atddosgqt2Oynl6VQKsSmyNoLyP/T5POX3+EAfRpiwDC3Va8sLYPAoy2t4+Db4Q49GPSLau3yj+2RPr57/bEfntC+z2GCvZFKJ2Xxax7iGlrOW7vQWDfA/aAwH0EWpfYtGSv58qtst3UslP6skEA4W4jTljZDwFG24+JhW90d7mOlSj/2PJuq29LK3yW5nKnQNKFcGJ+qGePocW+KQSOLrFJsTn0GD56DSU1wX4I9wmCjItFCfQ22v7V4t0vnDy8Rf4dcaVW3+juMmIeOgKcMuq7FXMVw7HitWgiBjZWg0tom4uJ3GcCg8VuVQjonOt/KNtSojVCPi7XpJ8Qv15UhRqNdktghATuFi6GDUegt9H2rRU9Q0o/LAXGtWrp4oPewEKvYylsni/tv3gD2Avkdy/pGGSMuI7lElrbnvKQ1DFSTBuUgD6E64fpeh0JvZb0iELPN/Xl/FufHm3FpgwClpM0w20OhUA0gb+XI57qOOqI88glaEcSS3uiPTSIOUz0o9etWu8jYh7ib+mymK0+Qx4KcpiH+Mk+EGhB4G3SyWNWgr7X836LBeU1LTLkgD4sJeEBeOgSAvcScImVIz5S3BO0I5zXez6GpGYJ8ehaZbVHxiGCWrnlcvEtvKRt3yHbDSEBYh8IGCbwnWL7D8hmpQRneVP2WrFZy4f4MUqgx5uPUZSYPTCB28W36xz+tT6HXEJybV5rm0qHvoRojy3/cPngsqUnxqGCXX0sxUXPiWtP0FQQuObAL50btAcBKwT0XFsWd+rperHmt4zKv0N++TgrYGe3s9dkmj0u+N8XAVdNb+vRdn1t+9gdNLmjqUeTzxXtpf13ieIerp0tymKOzgf6h8CIBN4tTulEAst1pIfryTnnRdTrNdk3NeyI8enapx6TpWtgGDcdAZ84an3+hH4UOF2QxOHSgn1h2KtwDx1lr8VlxhzDZwi0IPDL0slzT6P12l/r+0yIj8u9SK9Dnyvbn4YcxD5lCPSYEGU8oxUIlCHgEsut5/GeXbQvQvX8mqVctHyo1ohQb8Jd68eXEpW9DC9VFrPXD3+HAATaEdDrXc919et7lV4/3ynbh7fDM35PCPfxY4yH6QRU+FztOLzluRM6upruad9Hti5JWtPoSbiH5gGj7H3nM9ZBoBYBXW31etl6LsFZfEfgJ2ZBS/GRaCKHQeAwAq5R7pYjmaFi7TBIlTs+WoRu5UBrm14tjJ8RwLm1XQEmsQsEINAJAV2E6rOMiPo1MgT+WQIh3Ds5ozCjOwK+2VtanTe+DzWXi1krW44K0NH+HS3cQx/cWj5MHpUL9AsBCJQn8OPS5Defmj36elvSu2EHMkYKUsmA0xYEXKPtrZa695XpaHTW526ouLMU1V4uukcK95DvGnrhZCm3sBUCEPAT0EEjvceMoBFH8OF+0RrOIc5GCBQg0MNou0+0WTpvQ8Tn+WvR5cOrAqHMbuII4R46JWbrD6SzYdIABCBgksDNYvVDjAr54QY3LAkAk9mO0SYJuMSmrhjpWoippKM+sft26cjSQhkxwv3Ij1Bd8duyv6adIbyGuxGVPHloCwIQqE7gE6WHvzMyKj/c9RLhXj2/6cAYAddoZ8jJr4JOf3JGjH1lLxZHWEPLeHq9Fm0J6RpxCB1lr/nQYOxUxVwIQMAAge8TG1+4GrE/v9bXvvbXbr95CIZzqDlBOhyNgGvE8xZx9CaHs1uiK+Xcer+0f4Ojj5AHh15j4RtF7t2vLdtLf+cQ8nDTO6decw+7IAAB+wReLy48UbarTq6EiP9hr5kp4sJ+CuABBLYJpIy2pxzj4u8TcNbP1XPf9KJ6p2wtSo9S8/35cuCLNw5+gfzuJamNro5jlL0ARJqAAAQgMBMB62Jgpljha30CrpHhN0vXT9jofm+6xtiSmZ4W+6lPu/8eroiJWyuylrhuhoyyK6ESffVPGgshAAEIQCCIADeFIEzsNAGB2JFzn2jPOa/OHx50hptLE/Dv0UXX7EI58fXNWLRmQC17jxmBTRCAAAQOJpBzAzrYdLqHQFECrtH2rXNkr8QhR3S9V7xaauljR+yLAqGxC644p143GWUnqSAAAQhAIItA6g0oq1MOhkBnBGJG2+8Q26/12J8j2jvDMr05pUqX9GPWkLcmw35MNX0mAQACEIBAIQII90IgacY0gZjRdt8MKYh202nwAONLCPfQUfbXSO/PHAsf3kAAAhCAQGkCCPfSRGnPGgGXsHKNfrqEO6LdWuT37c0V7iGinVH2/TiwBwQgAAEInAgg3EmF2QnEjLa7hBiifcwsShXutwmO6wOQtFqJN8AUdoEABCAAAQsEEO4WooSNtQiUGm3nPKoVoWPbjXmoWyzd+3BZ92OU/di40jsEIAABswQQHGZDh+EFCMQIM5cgY7S9QCA6bSImP9SFkNIYpvfsNNiYBQEIQMACAYS7hShhYw0CjLbXoDpWmzHC3ffR8kKF6+1Y+YE3EIAABJoT4EbSHDkddkIgRpTdLTZfvWE3JQ+dBLOSGSE5QmlMJfg0CwEIQAACDySAcCcrZiTAaPuMUY/3eU+4h5TGUEoVz50jIAABCEDAQQDhTmrMSGBPkK2Z+MQZ58/Y2ePLE0pjxo493kEAAhDokgDCo8uwYFRFAjGj7b4yCF0N85qKdtL08QRCxPmWlZRQHR87LIAABCAwJAGE+5BhxSkPgZjRdte+CLM5UixFuFMaM0du4CUEIACBQwgg3A/BTqcHEYgZbfeJNs6bgwLYuNtY4X672HdDYxvpDgIQgAAEJiKAAJko2Lj6wYVvtn7OzwNfXfsrpIHnwHIKAqHCnTcwU6QDTkIAAhA4ngDC/fgYYEEbAqGj7S8Xc57tMAmB1iZWvfQSItzJiV6ihR0QgAAEJiCAcJ8gyLj4QQKho+2UyJAwC4E94U49O7kCAQhAAAJNCSDcm+Kms4MIhI62M/XjQQHqtFtfPiDaOw0aZkEAAhAYmQDCfeTo4tveyOk6/3V6x0sOZIi0eXNpa9SdfJg3H/AcAhCAwKEEEO6H4qfzBgRCR9uZ+rFBMIx2seQQ9exGA4jZEIAABEYhgHAfJZL44SIQUttOiQz5AwEIQAACEIBA9wQQ7t2HCAMzCLgE+brU4d3S/iMcfdwtv7+c0T+HQgACEIAABCAAgWIEEO7FUNJQhwRCRtspkekwcJgEAQhAAAIQgMADCSDcyYpRCYSMtlMiM2r08QsCEIAABCAwIAGE+4BBxaUL/yIMPtbBYZ3zrtH2/5Fjr4YjBCAAAQhAAAIQ6IkAwr2naGBLKQIho+2UyJSiTTsQgAAEIAABCDQhgHBvgplOGhK4Wfp66M5ou46oXwwYkW9oNl1BAAIQgAAEIAABPwGEOxkyGoGc0XYW1hktG/AHAhCAAAQgMBABhPtAwcSVC3cIg2t3RtL5IJVEgQAEIAABCEDAJAGEu8mwYbSDwN7Hph+Q467aEfbAhQAEIAABCEAAAl0SQLh3GRaMSiBwRY5xLZa05DkfpCaA5RAIQAACEIAABPoggHDvIw5YkU9gb7SdEpl8xrQAAQhAAAIQgMCBBBDuB8Kn62IE7pKWLjla0xz3zSLzHvn7I4tZQkMQgAAEIAABCECgEgGEeyWwNNuUgGu0XWvaddpH19SPepzrb00doDMIQAACEIAABCCwRwDhvkeIv/dOwFcCo3/zCXPyv/foYh8EIAABCEAAAvcSQLiQDJYJ+GaJ2RPtd4vjro9ZLTPBdghAAAIQgAAEBiWAcB80sJO45ZslxpfbLLQ0SYLgJgQgAAEIQGAkAgj3kaI5ly++EhkfCUT7XHmCtxCAAAQgAIFhCCDchwnlVI74ZolBtE+VCjgLAQhAAAIQmIcAwn2eWI/kqatEBtE+UpTxBQIQgAAEIACB+xFAuJMQ1giklMhQHmMtytgLAQhAAAIQgMADCCDcSQpLBFJKZBDtliKMrRCAAAQgAAEIOAkg3EkOSwRiS2QQ7Zaii60QgAAEIAABCHgJINxJECsEEO1WIoWdEIAABCAAAQhUIYBwr4KVRgsTiK1rZ6S9cABoDgIQgAAEIACB4wkg3I+PARb4CXyf/Pl7IyAh2iNgsSsEIAABCEAAAnYIINztxGpWS2NKZBDts2YJfkMAAhCAAAQmIIBwnyDIhl2MKZFBtBsONKZDAAIQgAAEILBPAOG+z4g9jiFwu3R7XWDXiPZAUOwGAQhAAAIQgIBdAgh3u7Eb3fLQEhlE++iZgH8QgAAEIAABCHyQAMKdROiRQGiJDKK9x+hhEwQgAAEIQAACVQgg3KtgpdEMAnfJsZcCjke0B0BiFwhAAAIQgAAExiGAcB8nlqN4ElIio/tcHMVh/IAABCAAAQhAAAIhBBDuIZTYpxWB0BIZ8rZVROgHAhCAAAQgAIFuCCCAugnF9IaElsiQs9OnCgAgAAEIQAACcxJABM0Z9x69DimR+YAYHlL/3qN/2AQBCEAAAhCAAASyCCDcs/BxcCECISUy1LUXgk0zEIAABCAAAQjYJIBwtxm3kaymRGakaOILBCAAAQhAAALVCCDcq6Gl4UACISUyTP0YCJPdIAABCEAAAhAYlwDCfdzYWvAspERG/SBPLUQTGyEAAQhAAAIQqEoAQVQVL417CFyRv10OIESOBkBiFwhAAAIQgAAExieAKBo/xr16GFIiwwepvUYPuyAAAQhAAAIQaE4A4d4cOR0KAT5IJQ0gAAEIQAACEIBAJAGEeyQwdi9CIKS2/W7pKaSUpohBNAIBCEAAAhCAAAR6J4Bw7z1CY9rnE+6Ux4wZc7yCAAQgAAEIQCCTAMI9EyCHJxM4r3FnysdklBwIAQhAAAIQgMAMBBDuM0S5Tx9vEbNuPJl2sU8TsQoCEIAABCAAAQj0QwDh3k8ssAQCEIAABCAAAQhAAAJOAgh3kgMCEIAABCAAAQhAAAIGCCDcDQQJEyEAAQhAAAIQgAAEIIBwJwcgAAEIQAACEIAABCBggADC3UCQMBECEIAABCAAAQhAAAIId3IAAhCAAAQgAAEIQAACBggg3A0ECRMhAAEIQAACEIAABCCAcCcHIAABCEAAAhCAAAQgYIAAwt1AkDARAhCAAAQgAAEIQAACCHdyAAIQgAAEIAABCEAAAgYIINwNBAkTIQABCEAAAhCAAAQggHAnByAAAQhAAAIQgAAEIGCAAMLdQJAwEQIQgAAEIAABCEAAAgh3cgACEIAABCAAAQhAAAIGCCDcDQQJEyEAAQhAAAIQgAAEIIBwJwcgAAEIQAACEIAABCBggADC3UCQMBECEIAABCAAAQhAAAIId3IAAhCAAAQgAAEIQAACBggg3A0ECRMhAAEIQAACEIAABCCAcCcHIAABCEAAAhCAAAQgYIAAwt1AkDARAhCAAAQgAAEIQAACCHdyAAIQgAAEIAABCEAAAgYIINwNBAkTIQABCEAAAhCAAAQggHAnByAAAQhAAAIQgAAEIGCAAMLdQJAwEQIQgAAEIAABCEAAAgh3cgACEIAABCAAAQhAAAIGCCDcDQQJEyEAAQhAAAIQgAAEIIBwJwcgAAEIQAACEIAABCBggADC3UCQMBECEIAABCAAAQhAAAIId3IAAhCAAAQgAAEIQAACBggg3A0ECRMhAAEIQAACEIAABCCAcCcHIAABCEAAAhCAAAQgYIAAwt1AkDARAhCAAAQgAAEIQAACCHdyAAIQgAAEIAABCEAAAgYIINwNBAkTIQABCEAAAhCAAAQggHAnByAAAQhAAAIQgAAEIGCAAMLdQJAwEQIQgAAEIAABCEAAAgh3cgACEIAABCAAAQhAAAIGCCDcDQQJEyEAAQhAAAIQgAAEIIBwJwcgAAEIQAACEIAABCBggADC3UCQMBECEIAABCAAAQhAAAIId3IAAhCAAAQgAAEIQAACBggg3A0ECRMhAAEIQAACEIAABCDw/695wpaTusb+AAAAAElFTkSuQmCC', 1),
(2, 1, '2023-03-08 20:57:12', 'JUZGADO', 'data:image/png;base64,iVBORw0KGgoAAAANSUhEUgAAAu4AAAEsCAYAAACc1TboAAAgAElEQVR4Xu2dfcxvWVXfr3Pnvs07MyM4vA1qsaitQEttldog0qq1qE2Do6KNpP+I1lbapm0ijU3ApOmbxhb0nwYiRUHSKBZba4ptNJBW0RHfRSkg4BRkBub93hn6sta994y/+7tn77Pf99r7fJ7kZO48zz5rr/VZ65zzPfvss89nnOAHAhCAAAQgAAEIQAACEDBP4DPMe4iDEIAABCAAAQhAAAIQgMAJhDtFAAEIQAACEIAABCAAgQEIINwHSBIuQgACEIAABCAAAQhAAOFODUAAAhCAAAQgAAEIQGAAAgj3AZKEixCAAAQgAAEIQAACEEC4UwMQgAAEIAABCEAAAhAYgADCfYAk4SIEIAABCEAAAhCAAAQQ7tQABCAAAQhAAAIQgAAEBiCAcB8gSbgIAQhAAAIQgAAEIAABhDs1AAEIQAACEIAABCAAgQEIINwHSBIuQgACEIAABCAAAQhAAOFODUAAAhCAAAQgAAEIQGAAAgj3AZKEixCAAAQgAAEIQAACEEC4UwMQgAAEIAABCEAAAhAYgADCfYAk4SIEIAABCEAAAhCAAAQQ7tQABCAAAQhAAAIQgAAEBiCAcB8gSbgIAQhAAAIQgAAEIAABhDs1AAEIQAACEIAABCAAgQEIINwHSBIuQgACEIAABCAAAQhAAOFODUAAAhCAAAQgAAEIQGAAAgj3AZKEixCAAAQgAAEIQAACEEC4UwMQgAAEIAABCEAAAhAYgADCfYAk4SIEIAABCEAAAhCAAAQQ7tQABCAAAQhAAAIQgAAEBiCAcB8gSbgIAQhAAAIQgAAEIAABhDs1AAEIQAACEIAABCAAgQEIINwHSBIuQgACEIAABCAAAQhAAOFODUAAAhCAAAQgAAEIQGAAAgj3AZKEixCAAAQgAAEIQAACEEC4UwMQgAAEIAABCEAAAhAYgADCfYAk4SIEIAABCEAAAhCAAAQQ7tQABCAAAQhAAAIQgAAEBiCAcB8gSbgIAQhAAAIQgAAEIAABhDs1AAEIQAACEIAABCAAgQEIINwHSBIuQgACEIAABCAAAQhAAOFODUAAAhCAAAQgAAEIQGAAAgj3AZKEixCAAAQgAAEIQAACEEC4UwMQgAAEIAABCEAAAhAYgADCfYAk4SIEIAABCEAAAhCAAAQQ7tQABCAAAQhAAAIQgAAEBiCAcB8gSbgIAQhAAAIQgAAEIAABhDs1AAEIQAACEIAABCAAgQEIINwHSBIuQgACEIAABCAAAQhAAOFODUAAAhCAAAQgAAEIQGAAAgj3AZK0ExcfkzivvRzrNTuJmTAhAAEIQAACEIBAMAGEezAqGlYioIL91Irtj8rvnl6pT8xCAAIQ+D+CYLkG3iX/fhtIIAABCFgngHC3nqF5/XMJ9iXi/yf/YOR93vwTGQR6EFCx7jqvPC5/O93DKfqEAAQgEEoA4R5KinalCGwJdoR7KdLYgQAEfkcQfN7ByPoWEa6JW4T4OwQg0JUAJ6mu+HfV+YXI0Sxqc1flQbAQKEZgeV8m5RzCk75iacAQBCBQg0DKia2GH9icm4Dv8fRa5I/IL6+fGwnRQQACBQk8ILZuiBhZ93Wtwv9MQd8wBQEIQKAYAYR7MZQYchD4vxEXU+aYUkYQgEAsgdiBgS37jLpvEeLvEIBANwII927od9FxqGhHsO+iHAgSAsUJhJ5jjjtWcf5p2dZWtEK4F08TBiEAgVIEEO6lSGLnmEDIBRXBTt1AAAKpBELOMYe2VZC/T7bnXP6la38dwV++KZHqG/tBAAIQqEIA4V4F6+6Nbl1QuTDuvkQAAIEsAlvnmMW4tjvp6EmF/NoP18Ws1LAzBCBQkwAnqJp092l764LKKPs+64KoIVCKgEtwh4j1pY2+AH9uxSGmyZTKEnYgAIEqBBDuVbDu1ujWBfV+IXPLbukQOAQgkEtg6xxz3iHIj/t1DTBwTczNEPtDAAJVCXCSqop3V8a3LqjU2q7KgWAhUJxAyXMM02SKpweDEIBACwKIqRaU5++j5AV1flpECAEIxBB4VBqf3dgh5lrmWj7SNx8+xl/aQgACEKhGIOZkV80JDA9L4FPi+c0FL6jDgsBxCECgCgFdstH1cunSYex1jNH2KqnCKAQg0IJA7AmvhU/0MQYB/brg2hrIi/e85DVGHvESAlYJbH1YKfUcsybcU21ZZYdfEIDApAQQ7pMmtnJYW6NgXAQrJwDzEJicwNbqVKnnGJddnY5z3eRMCQ8CEJiAAMJ9giQ2DgHR3hg43UFgZwRqiXbFyDSZeYvJVzea9y+W7T3zhk9keyGAcN9LpsvEea+YudVjKnUUrIx3WIEABEYnsCXac14gdQ06cN4au2q2plQdRofmGTvXeC8EKGLKIIaAb/UYLn4xJGkLAQgcE9hanSr3i8uMts9Xc1s3ems1ds18GIhoTwQQ7nvKdl6svotqzihYnlfsDQEIzEBgS7SHfljJxcI1KsuAw7jVEyval0jRPePmHM8ZcacGAgn4TpCI9kCINIMABFYJbIn2EkLL1cfj4tFp8jIcgVTRroGWqKfhgOHwPAQo4HlyWSuSrRd+eOxYizx2ITA3gdIfVnLRcp3DGG0fs75yRDvCfcyc4/UBAYQ75eAjgGinPiAAgRoEtlanKimwmNteI4N9bG49nfkjcevJl117i/z3rhU33yq/+8Y+7tMrBPIJINzzGc5qYetNfWpn1swTFwTqEmj58TZG2+vmsqX1LdG+dk1a24fpnS2zRl/FCSC+iiOdwuAFicI375O6mSLNBAGBLgRark7FaHuXFBft9MfF2ss2LLquSXwlt2gqMGaBAALMQhbs+eC7sFIz9vKFRxAYhUDL6XeMto9SFW4/twaRdE/fNQnhPn4NEMERAUQYJXFMwCfa9RH3GZBBAAIQSCDgm35XevrCI+LfOYePXPcSktdhl63pmiEvFyPcOySOLusS4ARWl+9o1lmrfbSM4S8ExiDwr8XNVzlcDRFgsVG6zmWlbxBi/aJ9GIESol17QriH8abVQAQQ7gMlq7KrLR9hVw4F8xCAgDECLaff+Vas4ZpnrDBW3Nla7jHmRm+t7nK/wGufIB5OTYCT2NTpDQ4O0R6MioYQgEAkAd/5pcY1yHWToIL+VKTvNG9LYEu0xzwxcd3A1ai5tpTobdcEKOBdp/9i8L5HkjEjG5CEAAQgcEzAN/odI8JCyfrOZ1zvQin2aVdStGsELnvUQZ/80mshAhRwIZCDmjkvfvteNqU+Bk0sbkPACAHX6HetQQFXfx8WHs80wgQ3riawtUZ7ysIICHcqbUoCCLMp0xocVMt5p8FO0RACEJiCQOvzC8s/jlk2W6L9HRLWSxNC48XUBGjsYp8Awt1+jmp56Fsu7T7p9LZaHWMXAhCYnoBv2sODEv1NFQjwsaUKUCub3BLtORoF4V45eZjvQyDnoOjjMb2WIuC6sPLGfSnC2IHAPgn4puDVmiLDaPtYtXaPuPtZGy7n6hNWlBmrJvA2kEDugRHYDc2MEbhb/HmewydqwliycAcCgxFoPa/9D4TPMzifDVMlvheWNYgSN3esKDNMOeBoLAFEWiyxOdoz2j5HHokCAtYItF76cRF6axxqrFpjjfdo/jwuDl/rcbqEaFfzvJg6WmXgbzABhHswqqkaMhd0qnQSDARMEPAtxVhrCp5PCHJ9M1EWVzjhm9NeSrQj3O3lHY8KEuDEVhDmIKZcIxGMTg2SQNyEgFECrafI+Ebba90oGEU/hFutRLurLkreGAwBHCfnJIBwnzOvvqgYbd9fzokYArUJtF76UePhY0u1s1rOvm8KVelBo4fE7etXXC/dTzk6WIJABAGEewSsCZoy2j5BEgkBAsYI9JjX7httf1T+eJ0xRnt2x1cfNUbBmd++52rbQewI9x0k+SBERtv3lW+ihUBtAr4VQmqOcLL8Y+3MlrHvq48aot13Q4feKZNTrHQmQCF3TkDD7rnQNYRNVxDYCYEe89oRZ2MU14vFzXd6XK2lP/jw0hj1gZeJBGodOInusFtFAoy2V4SLaQjskECvKTIMQoxRbD3ee2CazBi1gZcZBBDuGfAG2pUL3UDJwlUIDEDAJ9oviP9nK8bAIERFuIVM++rjXunj9kL9HJuhNiqBxawdAgh3O7mo6Qkns5p0sQ2BfRF4QMK90RFyrXnLS3cMQtivtZYryIQI99o1aT8jeDgVAYT7VOlcDca1ZBons/lzT4QQqEGgxxQIjeMx2U45AuJaViPT8TZ9S3TWvua4+n5YwrghPhT2gIBNApzsbOalpFeMtpekiS0I7JtAr3ntSt11Lqu5es2+sx0X/a9I8+d7dqmtN5jfHpcvWg9KoPaBNCiWadxmtH2aVBIIBLoT8I2m1v5Sac8bhu7gB3Gg15OYBQ+ryQxSKLiZRwDhnsfP+t6MtlvPEP5BYBwCvZZ+9In2xwXf6XEQTuupT7S/XaL++sqR87XUyoAxb4cAwt1OLkp74vrwRe15hqXjwB4EINCfQK/R1AcldNf8ZM5l/etCPej5MupCgGkyNmoBLxoQQLg3gNypC9eF9lfFH988xE7u0i0EIGCUgE+Yfb/4/Pcq+t3rhqFiSFOZ7vky6iFIni5PVVYE4yOAcJ+zPlyrLzBCNWe+iQoCtQjomuyuqSi1XwplXnutrJaxa+lpCPPby+QUKwMQQLgPkKQEF12jD4+KresS7LELBCCwTwK95rX3fBF2n5mOj9rK0xCmycTnjj0GJoBwHzh5Htd5bDhnXokKAi0J9Fw3vdcNQ0u+I/dlRbQrQ653I1cSvkcTQLhHIzO/g2v0QV9WdX28xHxQOAgBCDQn4BJEtVdysSQKm0MfoEPfFKbay4Ku4WGazABFg4vlCCDcy7G0YonRByuZwA8IjEug12g789pt14wvPz3eoeJrqbbrBe8qEEC4V4Da0aTrJFb7JbKOIdM1BCBQgUCP0XbXErYaHuewCkmONOnLTw/Rru4zUBWZRJqPTwDhPn4ODyPgJDZXPokGAj0I9BptZ157j2yH92ltChP1Ep47Wk5EAOE+TzJ13um1K+H0GgmZhyyRQGBfBHqMtlsThfvK+Ha01vLjm7LzMQnns7ZDogUExiSAcB8zb2teM9o+Ty6JBAK9CPQYbfeJMP2U/Y29YNDvRQK+/JyXv59rzMk1SKVuMFDVOBl0154Awr0981o9ItxrkcUuBPZDoPVou+9GARHWv+6svYy6iHMXGTRN/5rBg8oEKPLKgBuZZwnIRqDpBgITE+gx2s48ZbsF5fsIVq+bKmtTduxmD8+mJYBwnyO1jLbPkUeigEBPAq1H21n6sWe2/X2/Rv78ak+THtrBVy98p8RuLeFZYQI9Dr7CIezeHEtA7r4EAACBbAKtR9t9Iqz2B56yYe3AgLWRbea176DoCDGMAMI9jJPlVoy2W84OvkFgDAItR9sfFCQ3OLD0moIxRpbaeOkT7R8UFz67jRtX9GLtRqIDArqEwCUCCPexK4ElIMfOH95DwAKB1qPtiDALWV/3wfckpNdHsKgXu/WCZx0IINw7QC/YJaPtBWFiCgI7JdBytJ157XaLzOLLqMxrt1sveNaJAMK9E/hC3SLcC4HEDAR2SqDlaLtPGOrf1j4gt9O0NA/7A9Ljszy99tAKzGtvXgZ0OAKBHgfjCFxG8JElIEfIEj5CwDaBlqPtLP1otxYsTkex6JPdDOLZbggg3MdNNaPt4+YOzyFggUDL0XZEmIWMr/vgy81rZZd/0sF16qUDdLocgwDCfYw8HXvJEpBj5g2vIWCJQKvRdua1W8r6lb5YfBmVee126wXPDBBAuBtIQoILjLYnQGMXCEDgCQKtRtv1wzgnHdx7rVJCGVwi4BPIvZblZF471QmBDQII9/FKhCUgx8sZHkPAGoFWo+3Ma7eW+Uv+PCrbWYdrvUS7usMUGZv1gleGCCDcDSUj0BVG2wNB0QwCEFgl0Gq0HRFmtwAt5saiT3YziGe7JYBwHy/1CPfxcobHELBEoMVou28axkMC40ZLQHbmi0WBzLz2nRUh4aYTQLins+uxJ0tA9qBOnxCYh0CL0XbmKdutF59A7rWWvsUPP9nNIJ7tngDCfawSYLR9rHzhLQSsEWgx2s68dmtZv+SPxZdRfT6pz2gUm7WEVx0JcFB0hB/ZNUtARgKjOQQgcAWBFqPtFqdhUAYnTvhW9+n1MiqincqEQAIBhHsCtE67MNreCTzdQmASArVH231CTKfPnJ6E44hhWLuh2hLteqNxakTQ+AyB2gQQ7rUJl7HPEpBlOGIFAnslUHu0nXnKditrNNHea6693QziGQQOCCDcxygH1+gE+Rsjf3gJgd4Eao62PyDBuVaJ6TUNozdvK/1bW93HdxOhzB6U7SYr8PADAhYJIPwsZuVqn5gmM0ae8BICFgnUHm23NqJrMQc9fPKJ9h5frd0S7S8USO/uAYo+ITASAYT7GNlaO+ExkjVG7vASAr0J1Bxt94nDl0vgP9o7+J32b2nq0pdKDt61kQe0yE4LlbDjCXCwxDPrsQfCvQd1+oTA+ARqjrZbG9EdP1tlIvhJMfN1HlMtr/u+aVSLiy39KUMYKxDoSIADpiP8iK7XhDsv8EQApCkEdkrAJa5zV3mxuLzgTlN8VdhWpi75akSd5qkxFQuBBAII9wRoHXZZOxGfFz/OdfCFLiEAgXEI1Ho/xoo4HCcTbTz15eVuceHPtHHjhG+qDqK9URLoZk4CCHf7eX1UXDy74ia5s587PIRAbwI1ptkh2ntndb1/K1OXttZoZ6TdZv3g1SAEEH/2E+V63Eju7OcODyHQm8CayM5ZUcQnynQ+/ZneAe+0fysvoyLad1qAhN2OAOKvHevUnljDPZUc+0EAAiXfj/GJw5ybAbKUR+ATsvttDhMtR7e3RDs1kpdn9obARQIId/uFgHC3nyM8hIBFAu8Up1684tjPye++ItLhC9L+tAFxGOn2LppbmLq0JdpZTGEXpUiQLQgg3FtQzusD4Z7Hj70hsFcCJafZWRCHe82jL25fXvTmTG/Sav9sfViJr6HWzgD2d0UA4W4/3TVeLrMfNR5CAAK5BFxTW2LP+4j23EzU2d83yt1qhHtLtPM11Dq5x+qOCcSewHeMqlvoCPdu6OkYAkMTKPG0zoI4HDoJlZz35aXFvHa+hlopsZiFwBYBhPsWof5/R7j3zwEeQGBEArnC3cpKJSOyr+nzh8X40x0dtBDtfA21ZnaxDYENAgh3+yVSclUI+9HiIQQgUIpAzk3/N4sTb+4oDksxmNFOz6lLfA11xooipqEIINztp4uvptrPER5CwCKBHOHeUxxaZGnJp1pfw92Kka+hbhHi7xBoQADh3gByRhd8NTUDHrtCYOcEUj++5Js/zQohfYvKlRsdCT/lcO0h+f11B3/TurhbthdEhLK13GOLKToR7tIUAvMSQLjbzm3J5dxsR4p3EJiTwMslrC+R7dmy3SHbLbJdL5uuia5C6xrZTh6EXvKcvGZraxUQdcXlQ8i+NbMY2v9hO/338v+H/z3+99JOBar++/i/ei7W3+mo8/Jf/ffjB5u20a/H6qbr3ut2XjYdgNHt4cub3vzopnPFPynbfbLdf/n/9WNKvp+U0fZYbur3uQMnEO01qxrbEIgkUPIiEdn17prryVkv2HqRXriH8F9rc3hR0YuFnvRVFPADAQj4CaiIftfBMQgvCEAAAjUIHN9A6k3am2R7VY3OsLkfAiHCcT804iL9gDS/cwIB4BuNOT7x6A0DNwpxdUJrWwRCRx9teY03EIDA7AQOz036NOce2V4t24/MHjjxxRFAuMfxOmyNAEhjd/yIWudf6vQBfiBQm8DWI//a/WMfAhCAQCkChxpEp2e9X7a/JNu9pTrAjk0CCPe0vCAA0riF7nV4QlLWelI6fLkq1A7tIHBIgOOWeoAABPZI4Pjpub5z8R7ZXrRHGKPHjHBPyyACII1b6b0OR+91Cs+Z0h1gbyoC+kLgDVNFRDAQgAAEyhM4Fvr6IvU7ZPvW8l1hMZYAwj2W2KX2rmUa06yxFwQgAIFwAiHT9Kyc21kmMDyv2vJ22W6S7WbZbpXtSbL9uGxr+Xyf/P7XZdMBC910pSLdrpVNVyxaNl0QQbdlBaOnXG4T55mN1iG1b8NT9+pMVvwr6cfx/HydrvMDsv2zkp1g6xIBKyf3EfPxiDh9uGTWiDHgMwQgAIGeBBD22/RTloDctnrixMel0WeGNDTcRp9+Hy6natjVJ1z7KfnXi2TTVeYONdie9NhhTeuSqh+W7RWy/cIICezt454KpRZrnX/t+vBFrT6xCwEIQGAmAlyL1rPpmpapq47oyHruT40R7GVN/Jhlj3Pj0P2X9fdLcCnhTykbvySGvlC2swcG93a8HNapfhvhN2X7c6UAj2Znb8mvmR8V8HrCgGlNytiGAARmJMDI+3pWa422/2/pTqfMtPjRGPQJ9fJ+iQovndKjPzWvl9rvm2Xb07zsL5N43yDbM2Q7HFCsyblFDcX0cTw/Xz989t9l+9oYI5bb7imZFvKgSx/qXESda3jMnlxYyBA+QAACPQgg3K+m7hptz50e4voi96EHy/VIBbeO9Ja8Pmmu/4ZsP7FSaL8sv3veQX+l+l2eAow2rab2sfiPpYPvlu022Wp9wbl2DLn2hzv3lDoocsGxf/hJ+3gEhhxSPRCAwOgEOI9dncEao+0hK6L5cqFTdPTvpfIVIqj/ufT3Dwr2qaS130/Jpi8A8xNOQL/8+tdk0xeoZ5ufrzMmtL7N/5Q6+MwHOqCDrhMsOctLpj710BEkfeqx/IzKdLmw68mm5HsWa7U33KiEMNFHpFvr/2vuQ+b5Hs4p1lWl9MlZz7pZy0eIKDs+eg5j+IT8UV+4X6b8LQIt5ulgDpPckeS8M4OtvV2j4jnH4VZ9xNr+RUH2gsLHgfrwIdk+25OOGtNSY2O3VS11vXmvmNc59mszBer23Nb6MDWQc5Jti3R/vSHc++X8o9K1zv88HFka6VjJFfQ1RvpaZzNmOoD6tiVqXPlXQX94E9gqzmN/Ul6Sr1XTWyy3GGksFr7J8NXixz+V7cmXHdZVQHw3yDpvO7cWdLqC5sX1gqXWdcpPyAubajvH/5x9fTFpPfl+avUbckOfkgvXPrWOx5I+zmwL4T5zdhvFhnBvBDqjG13G6nAUwvqJd7kQ6QV6eTlsLfzRhfuWcPSdoHNi3+o3o9Su2lVHxw+X8ovpu9cFKuRmaglU25Z8ihTD/mek8V+UTYU6PxCAwD4IWL9+P5GFYRzdR91cEaVrJK/nBW2HacgO+YJYOFxtyOIxt8wzXb4+myNes4FlGtgSsFuitVTsW35khnlxes/hSGPo6OBW/Ll+hewfyqb1sfK54vzdst0YEgRtIACBKQjoOVEHCYaY367EW58Yp8hywyDWLsYWLrwNEeyiK1254fgxu8Vj06JPS4F8RP7xtI1qCTl2UoS73pzpib8ln1Th3tLHrYM3RMC39PcHxeHv2nKav0MAAlcR0PORLjH6VNjUJ9DypFg/mvl6SBER81EgIiWgKyDoOsgW5t0vI/QqWLde/myRvZB55qEvPoYcc8tcYAvnz0XAjzTiflwTPgEfcrNVqsbeLoamWeu5FBTsQOCAgB6PerzqB5CeC5k+BCxcePpEPkavLkGiq2UsH7MYIxK8rE3g8MWyXsf1Iuj1CUKr6QYho7ah08tSXvBMyaty0pueXivThN7EpMSWuo8F8f5N4vyPHgWg77Fo/XxMthYvpx5+HfPQldCXUkNfQnXlqdaLnjF1UcuHrZvbWufNrX4XNrX6j2G/tEWgp1BrtI+lQmkU8nDdMF1muJSZctiSoL9fyJRcNznkghhzjgu5CchJrk8w1+772O8YLjkxx+zrY3C4HGeMzdi2uqLU8rj/+AXgWFux7V0DNaFPHbaOh1A7sX7Xbh/yRC3Gh2WAwfcxpt8Xg58jW8njRPv9H7J9aYyztIXACCdvsnQlgZBH9zCDQCwBS4L+D8R537rNx7HpKOjWyGKKSNkSPrGMtb3aDFlnv0bfPn9T+KTEH7uPj0NJEeXzS0fe9efHYp3PbJ96rv+k9HvLRt8Wn7Kk4NIpGp8vW8laUO6/LZuuVe766fHhqRQ+7LMDAiWLfwe4uoTIspBdsO+yU/2Yyv+Urdaj6lCoy4jYn5cd3nO0U8jIdKpICbG9FcPyiHnrxuLYTmvhrv1rn2+Q7W9tBdX47xbEe+OQL07HWRsB3rrBChmNDp0q1jrmEv2VFtTq09b54yXS5mdlK6mfNM/6YTeWIC1RFZPbKFl4k6PqGh7TZbri313nLuGkv+91zlh82upfpzo8PSNjsQJa2+sTgJwPBoWIr4yQgnYNmT4QZKhAI53/7/rOwJaQLdB9FxMpo+0hN5pbx0uXYCt1eofY1eO/ZMyaF333xfXugYZS40vK2u8zZdPVsviBwBUEShY4aOsRSDmp1/MGy7MTCK23+wTEzZcvlL3PJSUFnUsQ1RK3IQKsdc3VijU0Dt/NTMlch/pTs93rxfgrVzrwxbl1gzkboxT+uhLXTRWE/L8Rm3/X41DppwC9j8UU9uxTkUDvi23F0KYyzXSZqdJpPphQ4e4K5EH5gy4Tebh0Zeuglxj02ImdttLL19b9xvSnPHUk/FzMTpltfTc0W9MZMrtuursrTp27fvwy9/fI71674R2ifR1QD0H9XnHlT1e4efh1sclyjE0PUzudIdzt5MLnyUPyx7W5bzNdvMbIxD68zBXuLkq6TOSyBGKvc88SW+70lpKVsDV66upLY9D3EdbmRi98/6v8/cWFhYP6oz7rS8XPKglixZaPjd4g6ojq6D+hx5trHvxh/K1W3xmd+VslgJcVPi40j/oU8nYPnB43D6PnCv+PCPS6eJKIeAKhJ/d4y+wBgSsJtK6189L98uXRHuekJV4VRq651TVrJHaqjAr2xc/Yp3GpN9V3gaAAAByySURBVAlb8atd/fLod281TPi7z+ce9ZIQgnMXV/6OB2VCauTV0sv3lXRuR7Z0Hrs+mStZT1tPPvRdHL35Ld1n6ydjOyoTG6GWLBgbEc3rRewFel4SRFabQGvhfhhPyFKPteNf7CuHkKUcS/hzzFzPzYfHvP597cYi9rzQ4kXY0nNyH5DYfR/0Gvk6FnKshYj2kRmUOH5K2yh9nGiet6bt6YcVdSpayVxqv39FNn3yxs8kBEoWyCRIzIbhEjRMlzGbsmEdCxETNYILESja5nA6QOtzWMgFOJWNxqY/MctxruVqa6TPld9FcJd+N6GEkJ/xZdWQDy5tPSHZynVqLbLfHxP4gPzzzgqCWpe6/WIPaKbVUIWrBFpf9EhDHoGUi3Rej+y9RwI9hPuWQNE8bC31qDe3y3zvlue2EsI0pc5cc5635jm73plRH/66bD952Zkvkv/+amHBoqaVV8qa1bO9rOo7zkKePDFok3LU5O/TQ1C/W9z+C4WPRa2//yXbn8hHgoWWBFpe3FrGNWtfsY/FZ+VAXHUJtBTuIY+kc0cVewj6FmI+53zgE8Gu68IvSNm9sLB4WIT8++Ufzw4oa5/fOk85Zz39gO6LNXGtVa91E3Jd1qUOn1TMGwylEtAb3f8QmLPQPrQG9L0fXZnL9bN8+TqkVkL6bXG+CvGDNgEESiU9oCuaFCDgEjkzfxmvADZMRBJoJdxDpsbkinZX6DrqvMwnbXUeXC6OH5O+nxqZk7XmuU/gXHkOHcmtsU62xql+vUa273Uw8j2daZXL3PSFPGHK7SN3/xABmdvHbPvreWVZCrdUbJqHfyTbv/AYDDmXxvijfW59eCrGHm0LEhjlJFcw5OFN5V6shwdAANUJ1Bbu+hKWbzRpCbD1DekfSsdPka30HG9fwhYxr1NHbojIbOo0mcMufE87Uq4NtVbmUEbHS16OLt5HEO5LrehqK1or/MQTqDGtZusdGH2ZW88lKcewK0Kt1++S7XXxCNijNIGSiS3tG/bWCdQWVXCHQM0aCxkZqjXKnprZ0hffVD9C9os9p7vyUSIHNbgtNzprYn7hU8L3ENapbUKOgVTbNfazzrNGzDVsvlOMfnkhQf1msfMtgU6WPg6ZVhMIvlaz2JN8LT+wG07ANUqmo5gxI3bhPdJybwRqCfeQUcbQaRq9c1L6YlginlSB5ctLqs3jeP6q/OIdhURLCKtSfof0Fdsm5DiItVmzvWWWNeOubXt59yZFh6Xm5D9JUF9V+DhUX3ThgGfUBob9SwRSCgZ2/QkwXaZ/Dmb2oLRwD/nio/J8o2yvGBhs6RfGYlEcfpgpZt/QEeCSN1W/JA7+2crXIIsvq4ayjslf7bZfJx38VO1Odm4/5CX9Q0Spwv0Yc41zVsnzxM7LYj18hPuYZVFaWI1JAa9rEShZXyFCpdRFqBaPHLs5o2qx/eacz2NGgbWtxlVyBZf7xZ5+ZCknhjVe6uvfl+37Y2FWau/irL8vHXuJEFJvBkv0PbuNnLnoHxE4NUa4Q87XMXnRuu71ReoYP4dqa/FEMRTATs7mLAPXyWW6HYhACeH+Bon32wJi3lpzPMDEcE2WlzjV8VLnYF0+TlfJSf1Rn04l7FzrpqvGSGDvubkhH1zaSsEj0uDs5Ualametz1p53Ypv9r9/uwT4+ozjXvPytbLptLPaP/dJB7dk+Oqqq38pf/iHtZ2f2X7NA39mbhZiY7qMhSzM6UOucA997Mv554/rR9f1XoRzDBfNlfJOEd3H1fsm+cXLMy7UNW/CarxToOy2PkNf8giPfZeglUg/jLHG05SSDEe1lTuSbWH6SeljkJvDxGqOuUAkdsFulQjkiqtKbmF2AgI5tRVygeKEbb9IQvLoikLz+99k+4pKYf5NsfvGjBsMn9/6kr9O2Sn9o6OXIR9MajllZnkCobl6SemAsXfxhnpr6UYfJsvnydyb/MO4a97wT1mGCPdx08p0mXFzZ93zFOEe8ol2jVtHEa+3DgD/niCQ+0GZFiOFvybe/qlKQv43xO4XFaiHnBuhAt1f/KhVy6cLJXwe0YaurnJHRi1qnt4r2/MHCz5napvlGxSTaUC4m0xLkFN6QV0TQC0ulEEO0mhYAjHCPXRuNCfnYcvhCcdzRhBLTunxkfRNR8nNgNr+Ntl+xGPIgkBX93ghMDfbcfvn5r31x+biootvHXOu4NoQyRfhHgnMWPMYgWXMddwxTCCkrkIFu4bJzaThZCe6liNUal6ofS+Alrzerb3oWvOmYS1NS3/6YnLIl4gTU81uDgI5x4CarHkcWErax8WZ22VzHX9cHyKzVfJEFtk1zQsQYLpMAYiYuIqAT7jHCHY1zDlm7gLLXe6yxkV768az9Et2iwirWeuIdBvHUeiUQJe3exHra/G7vufxQmn8bhvpHcOLmieaMQiM7aXrJFLjYjg2KbyPIVBi5HDPF6gY1jO1jXk8fhy31ou+/1Di68+uAY21mnyV9PmvjN1gItJtHRV3izvPzagRzec9sj3NVljNvWGgsRByhHshkB3NrIksRFPHhEzQda5wt/jFygnSMkwI7xRPvzxT6OSsxqGgtkbdXTB/S/7wnAzfSySJ63IJivk2cqfCMIB2ZQ5Sj8n8TE5mgRPE+AnlLnb8HFqLIFW485VFa5ns74/r8XiIZyF1eNhmmXeu50Rd137t+hYrpnR5SP2wVatr5WwvKYbk2VKbnKdGyw1j7k2nJR4lfWGQsRDNViejQu5iZoWA60TDBYBySSUQIpgObSPYU0nva7/cEczZaXE97pPhR6XbMxk3Z3q+/A7ZfriP+0P0qnPYv2TF0wfldzcNEYEhJzlRGEpGhivcyWbAY9erCIQKLAQ7xZNCYPlKLNefdXp6Pmc5x5TKCt/nrdL0ZZliXZdkRnSGMWdmQBinoFacOIMwmW/E3DHzKRrOQd+oO4J9uHSadTh3aoLZwAo6psfiA7LdUtDmXk2FDkq4+MROtdor5+O4Ee4FKwHhXhBmR1Oui5/OzyyxSkPH0Oi6I4HDky2jgB0TsZOuc0XVTjBdfPH2XbJ92V4Czowz9+aQxR4yEyC7Mysgn+ETFhDuBWF2NsWB0TkBdA8BCBQhkPP59CIOZBhZzsNr19ZFQJa+7mqfz5Pt1zL8nm1XfUKhg1aprJXp22S7azYwneJZ0yc8vUhMRmpRJ3bHbhUJMF2mIlxMQwACQxL4WfH6Lzs8Txnh1/OsCvDTHhqh5+JaH4LS/k8Oma08p79ddn99pljX9y90FSF+yhFwPfFAfyYyBlwiOIO7MYfMYFJwCQIQ6E7AtSRljSkQLpES0lctIT/7i64pN2CHRcnIb91DFG1SmC/CvTDQzuaYLtM5AXQPAQiYJBA6Cp7rfKl+fkAc+TsZo8euONS/T8p2W26gnfdn3nrnBER0X+qYiOhy7qYI97nyywEyVz6JBgIQKEMgZyQ81IOaI/sfFCeeWUnI/5zYfUlokB3bfVT6viODgV4f3yvb8zvGsMeuGVAsnHWEe2Ggnc3xSKpzAugeAhAwS6D2wEZt+4dgcz8a5EqSxqDi+GOGspg7FYaPEfZL5qek65tXutcXqZ/bz62xe0a4j52/Y+/1gxDXr4TEHL658kw0EIBAPAGXAAyZf77Vm74U+cqVRiVsb/Wtf681P77Xi665Yr0V95Dc7LkNg4kVso9wrwC1s8mWoz6dQ6V7CEAAAlEEap0fXQJF55PfGuVhmca1hLx+fO1MGRevsqK2r82wjVjPgFdp11rHWyV3xzCLcB8jTzFecocbQ4u2EIDAngi4zo+5TyUtC5R/Jwl+hWylr/ca8ydke3JGAd0t++qUiVTf1Id7ZHtahg/sWo8A89srsE09WCq4gslCBFyjFrkXpkLuYQYCEIBAVwKlRXatm4FakD4ihp+aIZZdfinXn5btpQGO506F4XoWALlzE9WXmqfjH30alPNkpXNY/btHuPfPQQ0PXBemB6Wzm2p0iE0IQAACgxBwicZUQVH6RqA1xvPSoX5QqrQeOJ66whKOrTPbtz8+vFSJf+kDtZKbmI0k4BvNIOeRMGkOAQhMR6CU2G6xzGRr+DXmx6fGoHn6Dtl+ONUA+3UjwLTdSugRcZXAdjarI+s3eHwg750TRPcQgEBXAi5R8Zh4FfPyZakbgK4wNjrPndYSG5sy1RXSeDocS85We+a3V8oHAq4SWANmtx5LknsDScIFCECgC4FHpNdzjp5Dz40XZH+dYnL8M/PqJm+RYL9BtlBGMcll3noMLftt14Q7OS6QtxoHXwG3MFGIgG+kZOaLSyF8mIEABCYm4Bot/32J+dkBcTMV4NKKLk/JEPJchwIKbcAmrkUydHWjNw4YjymXEe6m0lHFGcR7FawYhQAEBiegX9Q8uRJDqJhEuF8NL+RFV+X7NtnuGrx+cN9NgGOjYnUg3CvCNWTaNbKkLvLoylCicAUCEGhKIGeOOuJkO1XLi67aUqcWuaYnbVuixUgEco6rkeLs4ivCvQv2Lp36xHvqMmhdAqFTCEAAAoUI5KwK89viw3NW/Pgd+d3nF/IPMxAYkQAvplbMGsK9IlyDpn3i/WHx17cSjcFwcAkCEIBANoGc0UEESjZ+DExG4Gcknq9ciUlfCL9+sli7hINw74K9W6f3Ss+3enqnHrqlho4hAIFOBFxTXkLmuiPcOyWNbs0SYApZ5dQg1CoDNmje9bb34io1YTBpuAQBCFQlkDrqjkipmhaMD0iAY6Jy0hBplQEbNc8a70YTg1sQgEAXAi6xsfXyPiKlS7ro1DABnkJVTg7CvTJgw+ZZJtJwcnANAhBoTiBl1J0XVJuniQ6NE+DDS5UThHCvDNi4ecS78QThHgQg0IxA6qg7I4zNUkRHxgm4nuajNQsmDpgFYQ5qyifetx4TDxoybkMAAhBYJZAy6o5wp5ggcIkAU8caVALCvQHkAbpgjfcBkoSLEIBAdQIu4aFfWT3l6B2xUj0tdDAIgZQb30FCs+Mmwt1OLnp74hPvj4pz1/V2kP4hAAEIVCZwv9i/aaUP39KQCPfKScH8MAR4+tQgVQj3BpAH6eKD4uedHl+plUESiZsQgEAWgdhRQ15QzcLNzpMQ+ITEcdtKLL8nv/u8SWI0EQZizEQazDjBGu9mUoEjEIBAJwIpI+iMNHZKFt2aIZBy3JhxfiRHEO4jZauNr6zx3oYzvUAAAjYJ6Hz2kyuu+a6XCHebucSrdgRin1S182yynhDukyW0UDgsE1kIJGYgAIEhCayJkMckkjOOaBhtHDLNOF2QADevBWH6TCHcG4EesBvE+4BJw2UIQKAIgdiPyCDci2DHyMAE1o4ZfYJ/7cAxmXQd4W4yLWacQrybSQWOQAACDQnEjh7ygmrD5NCVOQJ8eKlhShDuDWEP2hVrvA+aONyGAASSCaTM140V+8nOsSMEjBHgiVPDhCDcG8IeuCufeL8gcZ0dODZchwAEIHBMIEWIINypo70SoPYbZh7h3hD2wF29SXz/Fo//1NHAycV1CEDgKgIpj/5TxD7oITADgdh3QmaIuVsMCK5u6IfrmDXeh0sZDkMAAokE9Eni6ZV9fddMhHsibHYbmoCutnRqJYJXy+++b+jIjDqPcDeaGKNusca70cTgFgQgUJxA7CoZvKBaPAUYHIAAN6yNk4Rwbwx8gu5YaWaCJBICBCCwSSBl3m7KPpuO0AAChgmkvMhtOBz7riHc7efIooeId4tZwScIQKAkgRQRnrJPSZ+xBYHWBKj5xsQR7o2BT9Qd4n2iZBIKBCBwFYGUKQAp+4AeAqMSeIs4fteK8+fld+dGDcq63wh36xmy7Z9vmUi9gJ207T7eQQACEHASSBHhKfuQAgiMSoB675A5hHsH6JN16RPv+rb5mcniJRwIQGAfBD7tGHzwXTd5QXUftUGUlwgg3DtUAsK9A/QJu/SJd2pswoQTEgR2QmDt3LY1IMGc350UB2GeoNY7FAGiqgP0Cbt0reO6hEqdTZh0QoLADgikfFgGMbODwiDEiwRSjg/QZRJAUGUCZPcnCLDGO8UAAQjMRiBFhDN9YLYqIJ41AilfF4ZkAQII9wIQMfEEAVaaoRggAIGZCKSsUY1wn6kCiMVFgDrvVBsI907gJ+4W8T5xcgkNAjsjkCJOeEF1Z0Wy03BTbmp3iqps2Aj3sjyxdokA4p1KgAAEZiCQOh0gZYrNDLyIYT8EqPFOuUa4dwK/g25Z430HSSZECExO4ILEd3olxq1rJ6Jm8sLYeXh/KPHfscLgQ/K7Z+2cTfXwt04+1R2gg6kJ+MT7444L4tRACA4CEBiOwNp5TEfir/VEkjLFZjgwOLxbAtR3x9Qj3DvC30nXrPG+k0QTJgQmJZAyeo6wmbQYCOsiAea3dywEhHtH+Dvp2vWoeQmfGtxJIRAmBAYlkCLceUF10GTjdhCBlGMiyDCNtgkgmrYZ0SKfAGu85zPEAgQg0IdA6ug54qZPvui1PoGU6WP1vdpJDwj3nSTaQJisNGMgCbgAAQhEE0C4RyNjh4kJpK60NDGStqEh3Nvy3ntviPe9VwDxQ2A8Ap8Wl0+uuL11/UwV/OMRwuM9EaCuO2d768TT2T26n5AA4n3CpBISBCYnsDY14DGJ+YwnbgTO5EWx0/CYAtY58Qj3zgnYafes8b7TxBM2BAYlsHbOUmG+NhK/hMgLqoMmG7e9BBDunQsE4d45ATvu3ife9dH0qR2zIXQIQMAWgVSxkrqfrejxBgKXCJx3PGV6nfz+bwOpDQGEexvO9LJOwCfe/73s8q2AgwAEIGCAQOq61Qh3A8nDhWIEmP5VDGW6IYR7Ojv2zCfguntfLFOf+YyxAAEI5BNIFSyp++V7jAUIlCeQegNb3pMdW0QY7Tj5RkJ3rdiAeDeSINyAAAROpC6Bh3CneGYiwBMkA9lEuBtIAi6cYKUZigACELBMwPUF6K1rKC+oWs4qvsUQ+LfS+DtXdtBj42yMIdrmEdg66eRZZ28IhBNAvIezoiUEINCeQOrXIl3TC/T317QPgx4hkESAp0dJ2MrvhHAvzxSL6QQQ7+ns2BMCEKhLIHWagO8lfPVY//6wbDfWdR/rEMgigHDPwlduZ4R7OZZYKkOANd7LcMQKBCBQlkCqcPcNSBx7yCh82ZxhrRyB1Pov5wGWLhJAuFMIFgmwxrvFrOATBPZNIHXE8ScE29dHotNz4D2yPS1yP5pDoBaBlI+Q1fJl13YR7rtOv+ngfeL9Q+L5s0x7j3MQgMBsBFKFu3J4u2wvTRwsYxR+tkoaLx7X6m9oyA65BHoH6HQZROARaXXO05LaDcJIIwhAoBCBUuIlZurMoesq4H9FthcUigczEAglkHPTGtoH7QIJIH4CQdGsCwHWeO+CnU4hAAEHgbUngY9J2zMJxLbObz6TKqROJvTJLhBIIcCHl1KoVdoH4V4JLGaLEXB9+EQ74BFyMcwYggAEAgjUmuebMwr/Q+L32vraAeHQBAJBBHgxNQhTm0YI9zac6SWPAMtE5vFjbwhAoAyB2gLGN1CxFQGj8FuE+HsKgQ/KTneu7KgvTz81xSD75BFAuOfxY+92BBDv7VjTEwQgsE6g5ZSBnFH454j77yOJEChAgPntBSCWNIFwL0kTW7UJsMZ7bcLYhwAEfAR6iBhG4anJngRa3qz2jHOYvhHuw6QKRy8TYI13SgECEOhFwCWiW1xLv0aC/o+ypfTF+0C9Kmb8fmtPDxufUOMIUk4AjV2kOwhcRcAn3u+T1rfBDAIQgEAFAhfE5ukVu62vpTmj8LrvtRXYYHJOArVeyJ6TVoOoWp9sGoREFzsg8JDEeL0nTup6B0VAiBDoRGBNyPQSwz8mDO6SLeWcxyh8pwIaqNueT5gGwtTW1ZSDva2H9AaBdQJbayBT21QOBCBQg4DVqQOMwtfI9r5t9ninY9/EA6JH3ARAoolZAlsXKurbbOpwDALDErAq3BegvyH/+AJG4YetL0uOW691S6ya+YKwaYaajioRYJnISmAxCwEIrBIYSczkLCmpX4Q9Sw3smsBItb6bRCHcd5PqqQNFvE+dXoKDgCkCI4qZjwvB2xmFN1VH1p151HHj9lb5/Tdad35m/xDuM2d3X7H5VprRv6m4ZyWFfdUE0UKgBoERhfshh5xR+AfF0M01oGLTHAHmt5tLySWHEO5GE4NbSQR84v3Y4NIWQZ+Emp0gsFsCsyyP97Bk8FyiDmBFmvnLnw8vGc0xwt1oYnArmUCMeF/rZNlf//u7sulLXvxAAAIQWAhYWg6yVFZyRuE/LE7cWcoR7JghMPqTJTMgSzuCcC9NFHu9CTwgDtxYyQk9kemm68jzuLgSZMxCwDiBNUGjL3KeMe53iHuPS6PUKYUq/k+GdEIb8wS+Rzx87YqXWh9rHyAzH9BMDiLcZ8omsSwEttZ4L01qEfT6VcXrShvHHgQgYIbAJ8WTW1a8mfFamjMK//PC6EVmsoYjsQT48FIssYbtZzzZNMRHV8YJpF54SoW1CHq9kZhhNK4UF+xAYFQCrhHpma+lOQMhjMKPWem8mGo4bzOfbAxjx7VOBPSiuzzK7Vn7y6N2HdU41YkF3UIAAvEE9j4SmToYoue818j2vfHI2aMDAea3d4Ae2mVP8RLqI+0gUJuAzk9d5nX2PCYQ9LUzjX0I5BFgJPISv62vVvsoMwqfV4Mt9p5l5aQWrJr30VOkNA+WDiEQSUA/QKEv4uhx0vNYYenKyMTRHAKVCCDcrwabMwp/TaU8YTadgGtqVM9rYHo0E+5JIiZMKiFVJ6CryizrH/c8hhD01VNNBxC4ggDC3V0QjMLPcbBQ48bz2FN0GEeDexCIJvBHssetBkbo1fHlxdj75N+fGR0JO0AAAmsE+CjNdl28Upq87vJ5cLv1lS34sFMssfLtqfHyTItaRLgXxYkxCDgJ6OPH5bFwz+NuEfQ6DegG8gUBCEQR4KW9KFxZc+F1BD91Tfk4L2l9SIAaN14PPQWEcTS4B4EmBKwJen1RV6cB8QMBCFxNAFGTVhU/Lbt9tWwpmoNR+DTmKXu9T3Z69sqO98rvbk8xyD7lCaQcROW9wCIEIHBMwNrSlXqDwRfzqNO9E0C451dAzlx4RuHz+fssML+9Lt8i1hHuRTBiBALNCFgT9KxF3yz1dGSAAMvklUvC74mpz2UUvhzQApaY314AYm0TCPfahLEPgTYELkg3Oh+UpSvb8KaXfRJYEzb6NIoPqeXVQ86SknruY3pfHv9lb54oleFY1QrCvSpejEOgO4FHxIMzCPruecCBOQisCZtPSWhPmiO87lHoKli3XD5fxTrDXPhYYle354lSPsPqFhDu1RHTAQRMErhfvNJVZayM0OsF43dl+wKTtHAKAidO6Mju2nseXEfrVEfOKLzeTOnSvPyEE3C9e0B9hzNs0pKENMFMJxAYhsBviad/8mDEq+c5Ylm6Uj94dfMwBHF0VgJ8UbJPZnXp2uWpYawHjMKHE+PF1HBWXVv2vCh3DZzOIQCBaALWlq7UEdDroqNgBwikEWBEMo1byb1yRuHfL46sLXVY0r+RbTG/fZDsIdwHSRRuQsAwAWuCXv3RETp+IFCSACOSJWnm2XI9/Qixqnk8GdJwZ20Q7oMkHOE+SKJwEwIDEmDpygGThstOAgh3m8WRMwr/nyWkr7EZVlOvHpbe1p5e/hf5/Vc19YTONgkg3DcR0QACEChMQL/OunzKvOc5aBlhYi36wgme1BzC3XZiGYVPzw+1nc6u+Z49L5rNg6VDCEDANAF9CU1X7bCy0o1ezJYbDNPgcK4JAaYSNMFcpJOcUfjvFA9+qIgX4xjhw0vj5OrE/wdgCom0yiz4pQAAAABJRU5ErkJggg==', 2);

-- --------------------------------------------------------

--
-- Estructura de tabla para la tabla `carpetas`
--

CREATE TABLE `carpetas` (
  `id_carpeta` int(11) NOT NULL,
  `nombre_carpeta` varchar(100) NOT NULL,
  `fecha_creacion` date NOT NULL
) ENGINE=InnoDB DEFAULT CHARSET=utf8mb4 COLLATE=utf8mb4_general_ci;

--
-- Volcado de datos para la tabla `carpetas`
--

INSERT INTO `carpetas` (`id_carpeta`, `nombre_carpeta`, `fecha_creacion`) VALUES
(1, 'admin', '2023-03-07'),
(2, 'test', '2023-03-07'),
(3, 'soporte', '2023-03-07'),
(8, 'default', '2023-03-07'),
(24, 'Luchin', '2023-03-24');

-- --------------------------------------------------------

--
-- Estructura de tabla para la tabla `cliente`
--

CREATE TABLE `cliente` (
  `id_cliente` int(11) NOT NULL,
  `ci_cliente` varchar(30) NOT NULL,
  `nombre_cliente` varchar(50) NOT NULL,
  `apellido_pat_cliente` varchar(50) NOT NULL,
  `apellido_mat_cliente` varchar(50) NOT NULL,
  `fecha_nacimiento` date NOT NULL,
  `direccion_cliente` varchar(100) NOT NULL,
  `telefono_cliente` varchar(50) NOT NULL,
  `correo_cliente` varchar(100) NOT NULL,
  `foto` varchar(100) NOT NULL
) ENGINE=InnoDB DEFAULT CHARSET=utf8mb4 COLLATE=utf8mb4_general_ci;

--
-- Volcado de datos para la tabla `cliente`
--

INSERT INTO `cliente` (`id_cliente`, `ci_cliente`, `nombre_cliente`, `apellido_pat_cliente`, `apellido_mat_cliente`, `fecha_nacimiento`, `direccion_cliente`, `telefono_cliente`, `correo_cliente`, `foto`) VALUES
(1, '764587689', 'Luis', 'Ponce', 'Rodriguez', '2023-02-19', 'Av. Siempre Viva #768', '76992910', 'admin@admin.com', 'cone.png'),
(2, '45645', 'Tito', 'Perez', 'Peralta', '2023-03-08', 'fgf', '54677', '', '');

-- --------------------------------------------------------

--
-- Estructura de tabla para la tabla `log_seguimiento`
--

CREATE TABLE `log_seguimiento` (
  `id_log_seguimiento` int(11) NOT NULL,
  `cod_seguimiento` varchar(100) NOT NULL,
  `estado_seguimiento` varchar(50) NOT NULL,
  `fecha_log` datetime NOT NULL,
  `descripcion_log` text NOT NULL
) ENGINE=InnoDB DEFAULT CHARSET=utf8 COLLATE=utf8_general_ci;

--
-- Volcado de datos para la tabla `log_seguimiento`
--

INSERT INTO `log_seguimiento` (`id_log_seguimiento`, `cod_seguimiento`, `estado_seguimiento`, `fecha_log`, `descripcion_log`) VALUES
(1, '523020-LEP-80020-20', 'En proceso', '2023-03-14 17:45:29', 'Procesando la tarjeta por x persona'),
(5, '523020-LEP-80020-20', 'En limpieza', '2023-03-15 10:38:44', 'Aun en espera'),
(6, '523020-LEP-80020-20', 'terminado', '2023-03-22 11:24:18', 'ok'),
(7, '523020-LEP-80020-21', 'Sin Empezar', '2023-03-26 22:20:16', 'Estamos en prueba'),
(8, '523020-LEP-80020-23', 'Proceso', '2023-04-27 20:45:36', 'Se inicio al estado de Proceso de la aeronave'),
(9, '523020-LEP-80020-20', 'Sin Empezar', '2023-05-15 10:55:43', 'srtt');

-- --------------------------------------------------------

--
-- Estructura de tabla para la tabla `marcacion`
--

CREATE TABLE `marcacion` (
  `id_marcacion` int(11) NOT NULL,
  `codigo_seguimiento` varchar(100) NOT NULL,
  `fecha_hora` timestamp NOT NULL DEFAULT current_timestamp() ON UPDATE current_timestamp(),
  `tipo` varchar(50) NOT NULL,
  `ci_usuario` varchar(30) NOT NULL
) ENGINE=InnoDB DEFAULT CHARSET=utf8mb4 COLLATE=utf8mb4_general_ci;

--
-- Volcado de datos para la tabla `marcacion`
--

INSERT INTO `marcacion` (`id_marcacion`, `codigo_seguimiento`, `fecha_hora`, `tipo`, `ci_usuario`) VALUES
(1, '523020-LEP-80020-23', '2023-04-18 17:44:34', 'SALIDA', '12345'),
(2, '523020-LEP-80020-23', '2023-04-18 18:46:51', 'ENTRADA', '12345'),
(3, '523020-LEP-80020-20', '2023-04-18 18:07:43', 'SALIDA', '12345'),
(4, '523020-LEP-80020-20', '2023-04-18 18:37:05', 'ENTRADA', '12345'),
(5, '523020-LEP-80020-21', '2023-04-18 18:19:53', 'SALIDA', '5270803'),
(6, '523020-LEP-80020-21', '2023-04-18 23:19:23', 'ENTRADA', '5270803'),
(7, '523020-LEP-80020-23', '2023-04-26 15:38:06', 'SALIDA', '5270803'),
(8, '523020-LEP-80020-23', '2023-04-26 15:39:51', 'ENTRADA', '5270803'),
(9, '523020-LEP-80020-24', '2023-04-28 00:15:12', 'SALIDA', '5270803'),
(10, '523020-LEP-80020-24', '2023-04-28 00:22:02', 'ENTRADA', '5270803'),
(11, '523010-LEP-70020-78', '2023-05-13 14:09:37', 'SALIDA', '12345'),
(12, '523010-LEP-70020-78', '2023-05-13 16:10:15', 'ENTRADA', '12345'),
(13, '523020-LEP-80020-23', '2023-05-14 21:49:49', 'SALIDA', '5270803'),
(14, '523020-LEP-80020-23', '2023-05-14 23:50:24', 'ENTRADA', '5270803'),
(15, '523020-LEP-80020-20', '2023-05-15 14:54:29', 'SALIDA', '12345'),
(16, '523020-LEP-80020-20', '2023-05-15 14:54:52', 'ENTRADA', '12345'),
(17, 'C-003A', '2023-06-12 19:39:11', 'SALIDA', '12345'),
(18, 'C-003A', '2023-06-12 22:39:44', 'ENTRADA', '12345'),
(19, 'C-003A', '2023-06-12 23:38:36', 'SALIDA', '12345'),
(20, 'C-003A', '2023-06-13 00:28:42', 'ENTRADA', '12345');

-- --------------------------------------------------------

--
-- Estructura de tabla para la tabla `materiales`
--

CREATE TABLE `materiales` (
  `id_material` int(11) NOT NULL,
  `descripcion_mat` varchar(150) NOT NULL,
  `pn_mat` varchar(150) NOT NULL,
  `pnalt_mat` varchar(150) NOT NULL,
  `qty_mat` varchar(10) NOT NULL,
  `unidad_mat` varchar(10) NOT NULL,
  `refmanual_mat` varchar(150) NOT NULL,
  `codigo_seguimiento_mat` varchar(150) NOT NULL,
  `area_mat` varchar(50) NOT NULL,
  `observaciones_mat` varchar(150) NOT NULL,
  `prioridad_mat` varchar(100) NOT NULL,
  `obserprioridad_mat` varchar(150) NOT NULL,
  `estadodematerial_mat` varchar(50) NOT NULL,
  `estado_mat` varchar(50) NOT NULL,
  `almacen_mat` varchar(10) NOT NULL,
  `fechadearribo_mat` date NOT NULL
) ENGINE=InnoDB DEFAULT CHARSET=utf8 COLLATE=utf8_spanish_ci;

--
-- Volcado de datos para la tabla `materiales`
--

INSERT INTO `materiales` (`id_material`, `descripcion_mat`, `pn_mat`, `pnalt_mat`, `qty_mat`, `unidad_mat`, `refmanual_mat`, `codigo_seguimiento_mat`, `area_mat`, `observaciones_mat`, `prioridad_mat`, `obserprioridad_mat`, `estadodematerial_mat`, `estado_mat`, `almacen_mat`, `fechadearribo_mat`) VALUES
(1, 'CLAMP', 'JM-44LC39S107RG', 'JM44LC39S108RG', '1', 'EA', 'IPC 21-50-00-16', 'C-003A', 'VACIAS', '0 EN ALMACEN', 'PRIORIDAD 1', 'NO REQUERIDO', 'COMPRA', 'LLEGO MATERIAL', '2 pt', '2023-06-06'),
(21, 'LAMP ', '1864', '', '6', 'EA', 'IPC 33-20-00-14S', 'C-005A', 'MOT', '0 EN ALMACEN  ', 'PRIORIDAD 1', 'COMPRADO', 'COMPRA', 'SIN PEDIDO', '10 EA', '2023-06-30'),
(22, '', '', '', '', '', '', 'C-008.1A', 'HYD', '', '', '', '', 'NO LLEGO MATERIAL', '', '2023-06-12'),
(25, '', '', '', '', '', '', 'C-010A', 'Seleccione', '', '', '', '', 'PARCIALMENTE COMPLETADO', '', '2023-06-12'),
(26, '', '', '', '', '', '', 'C-011A', 'Seleccione', '', '', '', '', 'LLEGO MATERIAL', '', '2023-06-12');

-- --------------------------------------------------------

--
-- Estructura de tabla para la tabla `permiso`
--

CREATE TABLE `permiso` (
  `id_permiso` int(11) NOT NULL,
  `desc_permiso` varchar(30) NOT NULL
) ENGINE=InnoDB DEFAULT CHARSET=utf8 COLLATE=utf8_general_ci;

--
-- Volcado de datos para la tabla `permiso`
--

INSERT INTO `permiso` (`id_permiso`, `desc_permiso`) VALUES
(1, 'Usuario'),
(2, 'Agregar Usuario'),
(3, 'Autorizacion'),
(4, 'Buscar Tramite'),
(5, 'Registrar Seguimiento'),
(6, 'Registrar Archivos'),
(7, 'Registrar Clientes');

-- --------------------------------------------------------

--
-- Estructura de tabla para la tabla `permiso_usuario`
--

CREATE TABLE `permiso_usuario` (
  `id_permiso_usuario` int(11) NOT NULL,
  `id_usuario` int(11) NOT NULL,
  `id_permiso` int(11) NOT NULL
) ENGINE=InnoDB DEFAULT CHARSET=utf8 COLLATE=utf8_general_ci;

--
-- Volcado de datos para la tabla `permiso_usuario`
--

INSERT INTO `permiso_usuario` (`id_permiso_usuario`, `id_usuario`, `id_permiso`) VALUES
(1, 1, 1),
(4, 1, 3),
(8, 1, 4),
(9, 1, 5),
(10, 1, 2),
(11, 4, 1),
(12, 4, 4),
(13, 1, 6),
(14, 8, 4),
(15, 8, 5),
(16, 1, 7);

-- --------------------------------------------------------

--
-- Estructura de tabla para la tabla `seguimiento`
--

CREATE TABLE `seguimiento` (
  `id_seguimiento` int(11) NOT NULL,
  `cliente_seguimiento` varchar(30) NOT NULL,
  `matricula_seguimiento` varchar(30) NOT NULL,
  `descripcion_seguimiento` varchar(150) NOT NULL,
  `observaciones` varchar(150) NOT NULL,
  `tipo_tarjeta` varchar(50) NOT NULL,
  `codigo_seguimiento` varchar(100) NOT NULL,
  `horas_minimo` time NOT NULL DEFAULT '00:00:00',
  `horas_maximo` time NOT NULL DEFAULT '00:00:00',
  `ubicacion_seguimiento` varchar(50) NOT NULL,
  `estados_seguimiento` varchar(50) NOT NULL,
  `area_seguimiento` varchar(50) NOT NULL,
  `materiales_seguimiento` varchar(150) NOT NULL,
  `foto_seguimiento` varchar(100) NOT NULL,
  `disponible` tinyint(1) NOT NULL,
  `fecha_creacion` date NOT NULL
) ENGINE=InnoDB DEFAULT CHARSET=utf8mb4 COLLATE=utf8mb4_general_ci;

--
-- Volcado de datos para la tabla `seguimiento`
--

INSERT INTO `seguimiento` (`id_seguimiento`, `cliente_seguimiento`, `matricula_seguimiento`, `descripcion_seguimiento`, `observaciones`, `tipo_tarjeta`, `codigo_seguimiento`, `horas_minimo`, `horas_maximo`, `ubicacion_seguimiento`, `estados_seguimiento`, `area_seguimiento`, `materiales_seguimiento`, `foto_seguimiento`, `disponible`, `fecha_creacion`) VALUES
(1, 'AVIATSA', 'HR-AVR', 'CLEAN GALLEY VENT FILTERS', '', 'Task Cards', 'C-003A', '10:00:00', '10:00:00', 'CASETA CONTROL', 'SIN EMPEZAR', 'HYD', 'LLEGO MATERIAL', 'logo.png', 1, '2023-05-31'),
(2, 'AVIATSA', 'HR-AVR', 'A/C COMPONENTS IN A/C BAY RAM AIR COMPONENTS TRANSFERRED TO C ? 003.1B CHANGE OIL, AIR CYCLE MACHINES AND TURBOFANS', '', 'Task Cards', 'C-005A', '00:00:11', '00:00:11', 'CASETA CONTROL', 'POR INSTALACION', 'AVIONICA', 'SIN PEDIDO', 'logo.png', 1, '2023-05-31'),
(3, 'AVIATSA', 'HR-AVR', 'OP/C PRESSURE EQUALIZATION VALVES', '', 'Task Cards', 'C-008.1A', '00:00:01', '00:00:01', 'CASETA CONTROL', 'PARA CIERRE DE AREA', 'AVIONICA', 'NO LLEGO MATERIAL', 'logo.png', 1, '2023-05-31'),
(4, 'AVIATSA', 'HR-AVR', 'F/C ELECTRICAL EQUIPMENT COOLING SYSTEM', 'PENDIENTE HASTA ENERGIZAR LA AERONAVE', 'Task Cards', 'C-009A', '00:00:00', '00:00:00', 'CASETA CONTROL', 'EN PROCESO', 'AVIONICA', '', 'logo.png', 1, '2023-05-31'),
(5, 'AVIATSA', 'HR-AVR', 'F/C PRESSURE AND RELIEF VALVE', '', 'Task Cards', 'C-010A', '00:00:01', '00:00:01', 'CASETA CONTROL', 'PARA INSPECCION', 'AVIONICA', 'PARCIALMENTE COMPLETADO', 'logo.png', 1, '2023-05-31'),
(6, 'AVIATSA', 'HR-AVR', 'F/C SAFETY RELIEF VALVES', '', 'Task Cards', 'C-011A', '00:00:01', '00:00:01', 'CASETA CONTROL', 'PRUEBAS FUN/OP', 'AVIONICA', 'LLEGO MATERIAL', 'logo.png', 1, '2023-05-31'),
(7, 'AVIATSA', 'HR-AVR', 'DRAIN A/C EQUIPMENT BAY', '', 'Task Cards', 'C-003.1B', '00:00:04', '00:00:04', 'CASETA CONTROL', 'TARJETA CANCELADA', 'AVIONICA', '', 'logo.png', 1, '2023-05-31'),
(8, 'AVIATSA', 'HR-AVR', 'AUTOFLIGHT COMPONENTS IN TAIL COMPARTMENT WEAR CHECK', '', 'Task Cards', 'C-005B', '00:00:05', '00:00:05', 'CASETA CONTROL', 'PENDIENTE MATERIAL', 'AVIONICA', '', 'logo.png', 1, '2023-05-31'),
(9, 'AVIATSA', 'HR-AVR', 'STATIC DISCHARGERS, RIGHT WING', '', 'Task Cards', 'C-017A', '00:00:00', '00:00:00', 'CASETA CONTROL', 'N/A', 'AVIONICA', '', 'logo.png', 1, '2023-05-31'),
(10, 'AVIATSA', 'HR-AVR', 'STATIC DISCHARGERS, LEFT WING', '', 'Task Cards', 'C-018A', '00:00:00', '00:00:00', 'CASETA CONTROL', 'PARA LUBRICACION', 'AVIONICA', '', 'logo.png', 1, '2023-05-31'),
(11, 'AVIATSA', 'HR-AVR', 'LEFT HORIZONTAL STABILIZER', '', 'Task Cards', 'C-021A', '00:00:00', '00:00:00', 'CASETA CONTROL', 'TERMINADO', 'AVIONICA', '', 'logo.png', 1, '2023-05-31'),
(12, 'AVIATSA', 'HR-AVR', 'STATIC DISCHARGERS, RIGHT HORIZONTAL STABILIZER', '', 'Task Cards', 'C-022A', '00:00:00', '00:00:00', 'CASETA CONTROL', 'TERMINADO', 'AVIONICA', '', 'logo.png', 1, '2023-05-31'),
(13, 'AVIATSA', 'HR-AVR', 'STATIC DISCHARGERS & HF ANTENNA MOUNTS. HF FLUSH ANTENNA ON VERTICAL STABILIZER', '', 'Task Cards', 'C-023A', '00:00:01', '00:00:01', 'CASETA CONTROL', 'TERMINADO', 'AVIONICA', '', 'logo.png', 1, '2023-05-31'),
(14, 'AVIATSA', 'HR-AVR', 'OP/C PA LOUDSPEAKERS', '', 'Task Cards', 'C-024A', '00:00:00', '00:00:00', 'CASETA CONTROL', 'TERMINADO', 'AVIONICA', '', 'logo.png', 1, '2023-05-31'),
(15, 'AVIATSA', 'HR-AVR', 'CSD, COOLER, RELIEF VALVE, GENERATOR, AND DIFF. CURRENT TRANSFORMER IN LEFT NACELLE ENGINE WIRING IN LEFT NACELLE AND CHANGE CSD OIL CHANGE OIL, CSD S', 'FILTRO DE LA CSD', 'Task Cards', 'C-032A', '00:00:03', '00:00:03', 'CASETA CONTROL', 'TERMINADO', 'MOTORES', '', 'logo.png', 1, '2023-05-31'),
(16, 'AVIATSA', 'HR-AVR', 'CSD, COOLER, RELIEF VALVE, GENERATOR, AND DIFF. CURRENT TRANSFORMER IN RIGHT NACELLE ENGINE WIRING IN RIGHT NACELLE AND CHANGE CSD OIL CHANGE OIL, CSD', 'FILTRO DE LA CSD', 'Task Cards', 'C-033A', '00:00:00', '00:00:00', 'CASETA CONTROL', 'TERMINADO', 'MOTORES', '', 'logo.png', 1, '2023-05-31'),
(17, 'AVIATSA', 'HR-AVR', 'OPERATIONAL CHECK CSD DISCONNECT, LEFT NACELLE', '', 'Task Cards', 'C-036A', '00:00:00', '00:00:00', 'CASETA CONTROL', 'TERMINADO', 'MOTORES', '', 'logo.png', 1, '2023-05-31'),
(18, 'AVIATSA', 'HR-AVR', 'OPERATIONAL CHECK CSD DISCONNECT, RIGHT NACELLE', '', 'Task Cards', 'C-037A', '00:00:00', '00:00:00', 'CASETA CONTROL', 'TERMINADO', 'MOTORES', '', 'logo.png', 1, '2023-05-31'),
(19, 'AVIATSA', 'HR-AVR', 'PASSENGER AND ATTENDANTS SEATS AND FURNISHINGS PANELS, INTERIOR DOORS, GALLEYS AND PANELS CONDITION OF GALLEY WALLS, CEILINGS AND FLOORING FOOD RACKS,', '', 'Task Cards', 'C-040A', '00:00:09', '00:00:09', 'CASETA CONTROL', 'TERMINADO', 'CABINA', '', 'logo.png', 1, '2023-05-31'),
(20, 'AVIATSA', 'HR-AVR', 'FLIGHT CREW SEATS', '', 'Task Cards', 'C-040.1A', '00:00:02', '00:00:02', 'CASETA CONTROL', 'TERMINADO', 'CABINA', '', 'logo.png', 1, '2023-05-31'),
(21, 'AVIATSA', 'HR-AVR', 'ATTENDANTS SEATS', '', 'Task Cards', 'C-040.2A', '00:00:01', '00:00:01', 'CASETA CONTROL', 'TERMINADO', 'CABINA', '', 'logo.png', 1, '2023-05-31'),
(22, 'AVIATSA', 'HR-AVR', 'ESCAPE SLICES, ROPES AND LIFE RAFTS EMERGENCY EQUIPMENT AND LIFE VESTS EMERGENCY EQUIPMENT REQUIREMENT OF LOCAL REGULATORY AUTHORITY', '', 'Task Cards', 'C-041A', '00:00:02', '00:00:02', 'CASETA CONTROL', 'TERMINADO', 'CABINA', '', 'logo.png', 1, '2023-05-31'),
(23, 'AVIATSA', 'HR-AVR', 'FORWARD CARGO COMPARTMENT FLOORING, LINING AND FURNISHING', '', 'Task Cards', 'C-042A', '00:00:01', '00:00:01', 'CASETA CONTROL', 'TERMINADO', 'BUZONES', '', 'logo.png', 1, '2023-05-31'),
(24, 'AVIATSA', 'HR-AVR', 'AFT CARGO COMPARTMENT FLOORING, LINING AND FURNISHING.', '', 'Task Cards', 'C-043A', '00:00:01', '00:00:01', 'CASETA CONTROL', 'TERMINADO', 'BUZONES', '', 'logo.png', 1, '2023-05-31'),
(25, 'AVIATSA', 'HR-AVR', 'ELECTRONIC MEGAPHONE ? OP/C', '', 'Task Cards', 'C-044A', '00:00:01', '00:00:01', 'CASETA CONTROL', 'TERMINADO', 'CABINA', '', 'logo.png', 1, '2023-05-31'),
(26, 'AVIATSA', 'HR-AVR', 'F/C ENGINE FIRE DETECTION SYSTEM', '', 'Task Cards', 'C-055A', '00:00:00', '00:00:00', 'CASETA CONTROL', 'TERMINADO', 'AVIONICA', '', 'logo.png', 1, '2023-05-31'),
(27, 'AVIATSA', 'HR-AVR', 'F/C APU FIRE DETECTION SYSTEM', '', 'Task Cards', 'C-056A', '00:00:03', '00:00:03', 'CASETA CONTROL', 'TERMINADO', 'AVIONICA', '', 'logo.png', 1, '2023-05-31'),
(28, 'AVIATSA', 'HR-AVR', 'OP/C ENGINE FIRE EXTINGUISHING SYSTEM ELECTRICAL CIRCUIT', 'CON PEDIDO DE VALVULA', 'Task Cards', 'C-057A', '00:00:01', '00:00:01', 'CASETA CONTROL', 'PRUEBAS FUN/OP', 'AVIONICA', '', 'logo.png', 1, '2023-05-31'),
(29, 'AVIATSA', 'HR-AVR', 'OP/C APU FIRE EXTINGUISHING SYSTEM ELECTRICAL CIRCUIT', '', 'Task Cards', 'C-058A', '00:00:02', '00:00:02', 'CASETA CONTROL', 'TERMINADO', 'AVIONICA', '', 'logo.png', 1, '2023-05-31'),
(30, 'AVIATSA', 'HR-AVR', 'CLEAN AND OP/C SMOKE DETECTION SYSTEM', 'N/A', 'Task Cards', 'C-059A', '00:00:00', '00:00:00', 'CASETA CONTROL', 'TERMINADO', 'AVIONICA', '', 'logo.png', 1, '2023-05-31'),
(31, 'AVIATSA', 'HR-AVR', 'LAVATORY SINK CABINET FIRE EXTINGUISHER BOTTLE', '', 'Task Cards', 'C-061A', '00:00:01', '00:00:01', 'CASETA CONTROL', 'TERMINADO', 'CABINA', '', 'logo.png', 1, '2023-05-31'),
(32, 'AVIATSA', 'HR-AVR', 'APU FIRE BOTTLE WEIGHT CHECK', 'PENDIENTE POR CHEQUEO DE PESO/ RESIEN SE ESTA MANDANDO A HACER HIDROTEST DE LOS EXTINTORES', 'Task Cards', 'C-062A', '00:00:00', '00:00:00', 'CASETA CONTROL', 'PENDIENTE COMP', 'AVIONICA', '', 'logo.png', 1, '2023-05-31'),
(33, 'AVIATSA', 'HR-AVR', 'CLEAN SMOKE DETECTOR', 'N/A', 'Task Cards', 'C-062.1A', '00:00:00', '00:00:00', 'CASETA CONTROL', 'TERMINADO', 'AVIONICA', '', 'logo.png', 1, '2023-05-31'),
(34, 'AVIATSA', 'HR-AVR', 'CABIN DRY FIRE EXTINGUISHER', '', 'Task Cards', 'C-063A', '00:00:01', '00:00:01', 'CASETA CONTROL', 'TERMINADO', 'CABINA', '', 'logo.png', 1, '2023-05-31'),
(35, 'AVIATSA', 'HR-AVR', 'OP/C ENGINE FIRE CONTROL MODULE', '', 'Task Cards', 'C-064A', '00:00:03', '00:00:03', 'CASETA CONTROL', 'TERMINADO', 'AVIONICA', '', 'logo.png', 1, '2023-05-31'),
(36, 'AVIATSA', 'HR-AVR', 'ENGINE FIRE BOTTLE WEIGHT CHECK', 'PENDIENTE POR CHEQUEO DE PESO/ RESIEN SE ESTA MANDANDO A HACER HIDROTEST DE LOS EXTINTORES', 'Task Cards', 'C-010.1B', '00:00:00', '00:00:00', 'CASETA CONTROL', 'PENDIENTE COMP', 'AVIONICA', '', 'logo.png', 1, '2023-05-31'),
(37, 'AVIATSA', 'HR-AVR', 'CONTROL STAND AND COLUMNS. OP/C FLIGHT CONTROL/ SPOILER, SHUTOFF VALVES, RUDDER ACTUATOR SHUTOFF VALVE, T.E VALVES AND STABILIZER. TRIM BRAKE, CLUTCH ', 'PARA EL FINAL DEL SERVICIO', 'Task Cards', 'C-070A', '00:00:09', '00:00:09', 'CASETA CONTROL', 'PRUEBAS FUN/OP', 'EMPENAJE', '', 'logo.png', 1, '2023-05-31'),
(38, 'AVIATSA', 'HR-AVR', 'OP/C LE FLAP AND SLAT ALTERNATE SYSTEM AND DIFFERENTIAL PRESSURE SWITCH OF THE ELEVATOR FEEL FORCE SYSTEM', 'PARA EL FINAL DEL SERVICIO', 'Task Cards', 'C-071A', '00:00:00', '00:00:00', 'CASETA CONTROL', 'PRUEBAS FUN/OP', 'HIDRAULICA', '', 'logo.png', 1, '2023-05-31'),
(39, 'AVIATSA', 'HR-AVR', 'F/C STABILIZER TRIM CONTROL COLUMN CUTOUT SWITCH AND STALL WARNING SYSTEM', 'PENDIENTE HASTA INSTALACION DE FLAPS Y ENERGIZAR LA AERONAVE', 'Task Cards', 'C-072A', '00:00:00', '00:00:00', 'CASETA CONTROL', 'PRUEBAS FUN/OP', 'AVIONICA', '', 'logo.png', 1, '2023-05-31'),
(40, 'AVIATSA', 'HR-AVR', 'F/C T.E. FLAP LOAD LIMITER TEST', '', 'Task Cards', 'C-073A', '00:00:02', '00:00:02', 'CASETA CONTROL', 'TERMINADO', 'AVIONICA', '', 'logo.png', 1, '2023-05-31'),
(41, 'AVIATSA', 'HR-AVR', 'F/C T.E. FLAP FLOW LIMITING VALVE AND ALTERNATE DRIVE UNIT', '', 'Task Cards', 'C-074A', '00:00:01', '00:00:01', 'CASETA CONTROL', 'TERMINADO', 'ALA', '', 'logo.png', 1, '2023-05-31'),
(42, 'AVIATSA', 'HR-AVR', 'OP/C AILERON, ELEVATOR AND STABILIZER TRIM CONTROLS MANUALLY', 'PARA EL FINAL DEL SERVICIO', 'Task Cards', 'C-075A', '00:00:01', '00:00:01', 'CASETA CONTROL', 'PRUEBAS FUN/OP', 'EMPENAJE', '', 'logo.png', 1, '2023-05-31'),
(43, 'AVIATSA', 'HR-AVR', 'AILERON, LE & TE FLAPS, AND SPOILER COMPONENTS IN LEFT MAIN WHEEL WELL', '', 'Task Cards', 'C078A', '00:00:08', '00:00:08', 'CASETA CONTROL', 'TERMINADO', 'HIDRAULICA', '', 'logo.png', 1, '2023-05-31'),
(44, 'AVIATSA', 'HR-AVR', 'AILERON, LE & TE FLAPS, AND SPOILER COMPONENTS IN RIGHT MAIN WHEEL WELL', '', 'Task Cards', 'C-079A', '00:00:04', '00:00:04', 'CASETA CONTROL', 'TERMINADO', 'HIDRAULICA', '', 'logo.png', 1, '2023-05-31'),
(45, 'AVIATSA', 'HR-AVR', 'AILERON, LE & TE FLAP, LE SLAT, AND SPOILER COMPONENTS IN LEFT WING', '', 'Task Cards', 'C-080A', '00:00:03', '00:00:03', 'CASETA CONTROL', 'TERMINADO', 'ALA', '', 'logo.png', 1, '2023-05-31'),
(46, 'AVIATSA', 'HR-AVR', 'AILERON, LE & TE FLAP, LE SLAT, AND SPOILER COMPONENTS IN RIGHT WING', '', 'Task Cards', 'C-081A', '00:00:01', '00:00:01', 'CASETA CONTROL', 'TERMINADO', 'ALA', '', 'logo.png', 1, '2023-05-31'),
(47, 'AVIATSA', 'HR-AVR', 'OP/C STABILIZER TRIM LIMIT SWITCHES', '', 'Task Cards', 'C-090A', '00:00:02', '00:00:02', 'CASETA CONTROL', 'TERMINADO', 'EMPENAJE', '', 'logo.png', 1, '2023-05-31'),
(48, 'AVIATSA', 'HR-AVR', 'OP/C MANIFOLD CROSSFEED, LH ENGINE FUEL SHUTOFF, AND APU FUEL SHUTOFF VALVES', '', 'Task Cards', 'C-091A', '00:00:01', '00:00:01', 'CASETA CONTROL', 'TERMINADO', 'MOTORES', '', 'logo.png', 1, '2023-05-31'),
(49, 'AVIATSA', 'HR-AVR', 'OP/C RH ENGINE FUEL SHUTOFF VALVE AND FUEL MANIFOLD CROSSFEED VALVE', '', 'Task Cards', 'C-092A', '00:00:01', '00:00:01', 'CASETA CONTROL', 'TERMINADO', 'MOTORES', '', 'logo.png', 1, '2023-05-31'),
(50, 'AVIATSA', 'HR-AVR', 'OP/C LH HYDRAULIC (FIRE) SHUTOFF VALVE', '', 'Task Cards', 'C-011B', '00:00:02', '00:00:02', 'CASETA CONTROL', 'TERMINADO', 'AVIONICA', '', 'logo.png', 1, '2023-05-31'),
(51, 'AVIATSA', 'HR-AVR', 'OP/C RH HYDRAULIC (FIRE) SHUTOFF VALVE', '', 'Task Cards', 'C-012B', '00:00:02', '00:00:02', 'CASETA CONTROL', 'TERMINADO', 'AVIONICA', '', 'logo.png', 1, '2023-05-31'),
(52, 'AVIATSA', 'HR-AVR', 'HYDRAULIC COMPONENTS IN LEFT MAIN WHEEL AND FILTER SERVICING', 'PRUEBA DE LEAKAGE PARA EL FINAL DEL SERVICIO', 'Task Cards', 'C-013B', '00:00:06', '00:00:06', 'CASETA CONTROL', 'PRUEBAS FUN/OP', 'HIDRAULICA', '', 'logo.png', 1, '2023-05-31'),
(53, 'AVIATSA', 'HR-AVR', 'HYDRAULIC COMPONENTS IN RIGHT MAIN WHEEL WELL INCLUDING FILTER SERVICING', 'FALTA SALIDAS DE ALMACEN DE FILTER KIT Y TEST DE LEAKAGE', 'Task Cards', 'C-014B', '00:00:03', '00:00:03', 'CASETA CONTROL', 'PRUEBAS FUN/OP', 'HIDRAULICA', '', 'logo.png', 1, '2023-05-31'),
(54, 'AVIATSA', 'HR-AVR', 'OP/C STANDBY ELECTRIC PUMP & ?B? PUMP MOTOR GROUND FAULT SYSTEM', 'PARA EL FINAL DEL SERVICIO', 'Task Cards', 'C-019B', '00:00:23', '00:00:23', 'CASETA CONTROL', 'PRUEBAS FUN/OP', 'HIDRAULICA', '', 'logo.png', 1, '2023-05-31'),
(55, 'AVIATSA', 'HR-AVR', 'OP/C HYDRAULIC FLUID OVERHEAT WARNING SYSTEM', '', 'Task Cards', 'C-021B', '00:00:06', '00:00:06', 'CASETA CONTROL', 'TERMINADO', 'AVIONICA', '', 'logo.png', 1, '2023-05-31'),
(56, 'AVIATSA', 'HR-AVR', 'SERVICE HYDRAULIC GROUND POWER FILTER', 'FILTER 65-90305-31 1 KIT', 'Task Cards', 'C-022B', '00:00:04', '00:00:04', 'CASETA CONTROL', 'VERIFICACION FINAL', 'HIDRAULICA', '', 'logo.png', 1, '2023-05-31'),
(57, 'AVIATSA', 'HR-AVR', 'CONTROL CABIN ? VISUAL CHECK', '', 'Task Cards', 'C-102A', '00:00:04', '00:00:04', '', 'TERMINADO', 'CABINA', '', 'logo.png', 1, '2023-05-31'),
(58, 'AVIATSA', 'HR-AVR', 'ELECTRONIC COMPARTMENT VISUAL CHECK', 'PENDIENTE HASTA INSTALACION DE EQUIPOS A INSPECCIONAR EN E/E', 'Task Cards', 'C-103A', '00:00:00', '00:00:00', '1', 'TERMINADO', 'AVIONICA', '', 'logo.png', 1, '2023-05-31'),
(59, 'AVIATSA', 'HR-AVR', 'CONTROL CABIN ? OPERATIONAL CHECK', '', 'Task Cards', 'C-104A', '00:00:03', '00:00:03', '', 'TERMINADO', 'AVIONICA', '', 'logo.png', 1, '2023-05-31'),
(60, 'AVIATSA', 'HR-AVR', 'CONTROL CABIN ? VISUAL CHECK', 'PINTURA PLOMA PARA COMANDO', 'Task Cards', 'C-105A', '00:00:15', '00:00:15', '1', 'TERMINADO', 'AVIONICA', '', 'logo.png', 1, '2023-05-31'),
(61, 'AVIATSA', 'HR-AVR', 'PASSENGER CABIN ? VISUAL CHECK', '', 'Task Cards', 'C-106A', '00:00:00', '00:00:00', '', 'TERMINADO', 'AVIONICA', '', 'logo.png', 1, '2023-05-31'),
(62, 'AVIATSA', 'HR-AVR', 'A/C EQUIPMENT BAY ? VISUAL CHECK', '', 'Task Cards', 'C-107A', '00:00:00', '00:00:00', '', 'TERMINADO', 'AVIONICA', '', 'logo.png', 1, '2023-05-31'),
(63, 'AVIATSA', 'HR-AVR', 'CONTROL CABIN / PASSENGER CABIN ? OPERATIONAL CHECK', 'N/A', 'Task Cards', 'C-108A', '00:00:00', '00:00:00', '', 'TERMINADO', 'AVIONICA', '', 'logo.png', 1, '2023-05-31'),
(64, 'AVIATSA', 'HR-AVR', 'CONTROL CABIN ? FUNCTIONAL CHECK', '', 'Task Cards', 'C-109A', '00:00:01', '00:00:01', '', 'TERMINADO', 'AVIONICA', '', 'logo.png', 1, '2023-05-31'),
(65, 'AVIATSA', 'HR-AVR', 'PASSENGER CABIN ? VISUAL CHECK', 'N/A', 'Task Cards', 'C-022.9B', '00:00:00', '00:00:00', '', 'TERMINADO', 'AVIONICA', '', 'logo.png', 1, '2023-05-31'),
(66, 'AVIATSA', 'HR-AVR', 'CONTROL CABIN / ELECTRONICS COMPARTMENT FUNCTIONAL CHECK', 'PRUEBA RUN UP DE MOTOR/ PARA EL FINAL DEL SERVICIO', 'Task Cards', 'C-023B', '00:00:00', '00:00:00', '', 'PRUEBAS FUN/OP', 'MOTORES', '', 'logo.png', 1, '2023-05-31'),
(67, 'AVIATSA', 'HR-AVR', 'CONTROL CABIN ? VISUAL CHECK', '', 'Task Cards', 'C-110A', '00:00:05', '00:00:05', '', 'TERMINADO', 'HIDRAULICA', '', 'logo.png', 1, '2023-05-31'),
(68, 'AVIATSA', 'HR-AVR', 'LOWER NOSE COMPARTMENT ? VISUAL CHECK', 'FALTA REHACER', 'Task Cards', 'C-111A', '00:00:03', '00:00:03', '', 'TERMINADO', 'HIDRAULICA', '', 'logo.png', 1, '2023-05-31'),
(69, 'AVIATSA', 'HR-AVR', 'NOSE WHEEL WELL ? VISUAL CHECK', '', 'Task Cards', 'C-112A', '00:00:13', '00:00:13', '', 'TERMINADO', 'HIDRAULICA', '', 'logo.png', 1, '2023-05-31'),
(70, 'AVIATSA', 'HR-AVR', 'ELECTRONIC COMPARTMENT ? VISUAL CHECK & OP/C', 'PENDIENTE HASTA INSTALACION DE EQUIPOS EN E/E', 'Task Cards', 'C-113A', '00:00:00', '00:00:00', '2', 'PRUEBAS FUN/OP', 'AVIONICA', '', 'logo.png', 1, '2023-05-31'),
(71, 'AVIATSA', 'HR-AVR', 'LEFT MAIN WHEEL WELL ? VISUAL CHECK', 'FALTA REHACER', 'Task Cards', 'C-114A', '00:00:27', '00:00:27', '', 'TERMINADO', 'HIDRAULICA', '', 'logo.png', 1, '2023-05-31'),
(72, 'AVIATSA', 'HR-AVR', 'RIGHT MAIN WHEEL WELL ? VISUAL CHECK', '', 'Task Cards', 'C-115A', '00:00:31', '00:00:31', '', 'TERMINADO', 'HIDRAULICA', '', 'logo.png', 1, '2023-05-31'),
(73, 'AVIATSA', 'HR-AVR', 'CONTROL CABIN / MAIN AND NOSE WHEEL WELLS - OPERATIONAL CHECK', 'PARA EL FINAL DEL SERVICIO', 'Task Cards', 'C-116A', '00:00:00', '00:00:00', '', 'PRUEBAS FUN/OP', 'HIDRAULICA', '', 'logo.png', 1, '2023-05-31'),
(74, 'AVIATSA', 'HR-AVR', 'CONTROL CABIN / LEFT MAIN WHEEL WELL ? FUNCTIONAL CHECK', '', 'Task Cards', 'C-117A', '00:00:08', '00:00:08', '', 'TERMINADO', 'HIDRAULICA', '', 'logo.png', 1, '2023-05-31'),
(75, 'AVIATSA', 'HR-AVR', 'CONTROL CABIN / NOSE AND MAIN WHEEL WELLS ?OPERATIONAL CHECK', 'PARA EL FINAL DEL SERVICIO', 'Task Cards', 'C-119A', '00:00:00', '00:00:00', '', 'PRUEBAS FUN/OP', 'HIDRAULICA', '', 'logo.png', 1, '2023-05-31'),
(76, 'AVIATSA', 'HR-AVR', 'NOSE WHEEL WELL ? VISUAL CHECK', 'N/A', 'Task Cards', 'C-023.1B', '00:00:00', '00:00:00', '', 'TERMINADO', 'HIDRAULICA', '', 'logo.png', 1, '2023-05-31'),
(77, 'AVIATSA', 'HR-AVR', 'LEFT MAIN WHEEL WELL ? VISUAL CHECK', '', 'Task Cards', 'C-023.2B', '00:00:00', '00:00:00', '', 'TERMINADO', 'HIDRAULICA', '', 'logo.png', 1, '2023-05-31'),
(78, 'AVIATSA', 'HR-AVR', 'RIGHT MAIN WHEEL WELL ? VISUAL CHECK', '', 'Task Cards', 'C-023.3B', '00:00:00', '00:00:00', '', 'TERMINADO', 'HIDRAULICA', '', 'logo.png', 1, '2023-05-31'),
(79, 'AVIATSA', 'HR-AVR', 'ELECTRONIC COMPARTMENT ? VISUAL CHECK', 'PENDIENTE POR INSTALACION DE COMPONENTE: TRANSEIVER', 'Task Cards', 'C-023.4B', '00:00:00', '00:00:00', '1', 'TERMINADO', 'AVIONICA', '', 'logo.png', 1, '2023-05-31'),
(80, 'AVIATSA', 'HR-AVR', 'LOWER NOSE COMPARTMENT ? VISUAL / OPERATIONAL CHECK', '', 'Task Cards', 'C-122A', '00:00:00', '00:00:00', '', 'TERMINADO', 'AVIONICA', '', 'logo.png', 1, '2023-05-31'),
(81, 'AVIATSA', 'HR-AVR', 'FUSELAGE ? LOWER HALF ? VISUAL CHECK', '', 'Task Cards', 'C-124A', '00:00:00', '00:00:00', '', 'TERMINADO', 'AVIONICA', '', 'logo.png', 1, '2023-05-31'),
(82, 'AVIATSA', 'HR-AVR', 'NOSE WHEEL WELL ? VISUAL / OPERATIONAL CHECK', '', 'Task Cards', 'C-125A', '00:00:01', '00:00:01', '', 'TERMINADO', 'AVIONICA', '', 'logo.png', 1, '2023-05-31'),
(83, 'AVIATSA', 'HR-AVR', 'ELECTRONIC COMPARTMENT ? VISUAL / OPERATIONAL CHECK', '', 'Task Cards', 'C-126A', '00:00:00', '00:00:00', '', 'TERMINADO', 'AVIONICA', '', 'logo.png', 1, '2023-05-31'),
(84, 'AVIATSA', 'HR-AVR', 'FORWARD CARGO COMPARTMENT ? VISUAL / OPERATIONAL CHECK', '', 'Task Cards', 'C-127A', '00:00:01', '00:00:01', '', 'TERMINADO', 'BUZONES', '', 'logo.png', 1, '2023-05-31'),
(85, 'AVIATSA', 'HR-AVR', 'A/C EQUIPMENT BAYS ? VISUAL / OPERATIONAL CHECK', '', 'Task Cards', 'C-128A', '00:00:01', '00:00:01', '', 'TERMINADO', 'AVIONICA', '', 'logo.png', 1, '2023-05-31'),
(86, 'AVIATSA', 'HR-AVR', 'LEFT MAIN WHEEL WELL ? VISUAL 7 OPERATIONAL CHECK', '', 'Task Cards', 'C-129A', '00:00:00', '00:00:00', '', 'TERMINADO', 'AVIONICA', '', 'logo.png', 1, '2023-05-31'),
(87, 'AVIATSA', 'HR-AVR', 'RIGHT MAIN WHEEL WELL ? VISUAL 7 OPERATIONAL CHECK', '', 'Task Cards', 'C-130A', '00:00:00', '00:00:00', '', 'TERMINADO', 'AVIONICA', '', 'logo.png', 1, '2023-05-31'),
(88, 'AVIATSA', 'HR-AVR', 'TAIL COMPARTMENT ? VISUAL / OPERATIONAL CHECK', '', 'Task Cards', 'C-134A', '00:00:01', '00:00:01', '', 'TERMINADO', 'AVIONICA', '', 'logo.png', 1, '2023-05-31'),
(89, 'AVIATSA', 'HR-AVR', 'APU COMPARTMENT ? VISUAL / OPERATIONAL CHECK', 'FALTA INSTALAR APU PARA RESIEN INSTALAR LA LUZ', 'Task Cards', 'C-135A', '00:00:01', '00:00:01', '1,5', 'TERMINADO', 'AVIONICA', '', 'logo.png', 1, '2023-05-31'),
(90, 'AVIATSA', 'HR-AVR', 'PASSENGER CABIN ? DRAIN PITOT TUBES', 'N/A', 'Task Cards', 'C-136A', '00:00:00', '00:00:00', '', 'TERMINADO', 'AVIONICA', '', 'logo.png', 1, '2023-05-31'),
(91, 'AVIATSA', 'HR-AVR', 'FUSELAGE ? LOWER HALF ? VISUAL CHECK', '', 'Task Cards', 'C-137A', '00:00:01', '00:00:01', '', 'TERMINADO', 'AVIONICA', '', 'logo.png', 1, '2023-05-31'),
(92, 'AVIATSA', 'HR-AVR', 'LOWER NOSE SECTION ? VISUAL CHECK LOWER NOSE SECTION ? DRAIN PITOT TUBES', 'PENDIENTE POR INSTALACION DE COMPONENTE: TRANSEIVER', 'Task Cards', 'C-138A', '00:00:00', '00:00:00', '1,5', 'TERMINADO', 'AVIONICA', '', 'logo.png', 1, '2023-05-31'),
(93, 'AVIATSA', 'HR-AVR', 'CONTROL CABIN ? OPERATIONAL CHECK', '', 'Task Cards', 'C-139A', '00:00:03', '00:00:03', '', 'TERMINADO', 'AVIONICA', '', 'logo.png', 1, '2023-05-31'),
(94, 'AVIATSA', 'HR-AVR', 'LEFT MAIN WHEEL WELL ? VISUAL CHECK', '', 'Task Cards', 'C-140A', '00:00:00', '00:00:00', '', 'TERMINADO', 'AVIONICA', '', 'logo.png', 1, '2023-05-31'),
(95, 'AVIATSA', 'HR-AVR', 'RIGHT MAIN WHEEL WELL ? VISUAL CHECK', 'N/A', 'Task Cards', 'C-141A', '00:00:00', '00:00:00', '', 'TERMINADO', 'AVIONICA', '', 'logo.png', 1, '2023-05-31'),
(96, 'AVIATSA', 'HR-AVR', 'VERTICAL STABILIZER ? VISUAL CHECK', '', 'Task Cards', 'C-142A', '00:00:01', '00:00:01', '', 'TERMINADO', 'AVIONICA', '', 'logo.png', 1, '2023-05-31'),
(97, 'AVIATSA', 'HR-AVR', 'FC ? AIR DATA COMPUTERS', '', 'Task Cards', 'C-142.1A', '00:00:02', '00:00:02', '', 'TERMINADO', 'AVIONICA', '', 'logo.png', 1, '2023-05-31'),
(98, 'AVIATSA', 'HR-AVR', 'CONTROL CABIN / ELECTRONICS COMPARTMENT ? FUNCTIONAL CHECK', 'UNA VEZ LLEGUE EL MATERIAL, RESIEN SE REALIZARA LA PRUEBA', 'Task Cards', 'C-143A', '00:00:00', '00:00:00', '4', 'PRUEBAS FUN/OP', 'AVIONICA', '', 'logo.png', 1, '2023-05-31'),
(99, 'AVIATSA', 'HR-AVR', 'CONTROL CABIN / FUSELAGE ? FUNCTIONAL CHECK', '2 VELOCIMETROS', 'Task Cards', 'C-144A', '00:00:00', '00:00:00', '3', 'PENDIENTE COMP', 'AVIONICA', '', 'logo.png', 1, '2023-05-31'),
(100, 'AVIATSA', 'HR-AVR', 'ELECTRONIC COMPARTMENT ? VISUAL CHECK', 'PENDIENTE HASTA INSTALACION DE EQUIPOS A INSPECCIONAR EN E/E', 'Task Cards', 'C-025B', '00:00:00', '00:00:00', '2', 'TERMINADO', 'AVIONICA', '', 'logo.png', 1, '2023-05-31'),
(101, 'AVIATSA', 'HR-AVR', 'CONTROL CABIN ? VISUAL CHECK', '', 'Task Cards', 'C-145.1A', '00:00:02', '00:00:02', '', 'TERMINADO', 'CABINA', '', 'logo.png', 1, '2023-05-31'),
(102, 'AVIATSA', 'HR-AVR', 'PASSENGER CABIN ? VISUAL CHECK', '', 'Task Cards', 'C-145.2A', '00:00:01', '00:00:01', '', 'TERMINADO', 'CABINA', '', 'logo.png', 1, '2023-05-31'),
(103, 'AVIATSA', 'HR-AVR', 'PASSENGER CABIN ? VISUAL CHECK', 'N/A', 'Task Cards', 'C-027B', '00:00:00', '00:00:00', '', 'TERMINADO', 'CABINA', '', 'logo.png', 1, '2023-05-31'),
(104, 'AVIATSA', 'HR-AVR', 'FORWARD CARGO COMPARTMENT ? VISUAL CHECK', 'N/A', 'Task Cards', 'C-029B', '00:00:00', '00:00:00', '', 'TERMINADO', 'CABINA', '', 'logo.png', 1, '2023-05-31'),
(105, 'AVIATSA', 'HR-AVR', 'A/C EQUIPMENT BAY ? VISUAL CHECK A/C EQUIPMENT BAY ? MOISTURE TRAP DRAIN', '', 'Task Cards', 'C-030B', '00:00:05', '00:00:05', '', 'TERMINADO', 'AVIONICA', '', 'logo.png', 1, '2023-05-31'),
(106, 'AVIATSA', 'HR-AVR', 'LEFT NACELLE ? VISUAL CHECK', '', 'Task Cards', 'C-033B', '00:00:01', '00:00:01', '', 'TERMINADO', 'MOTORES', '', 'logo.png', 1, '2023-05-31'),
(107, 'AVIATSA', 'HR-AVR', 'RIGHT NACELLE ? VISUAL CHECK', '', 'Task Cards', 'C-034B', '00:00:01', '00:00:01', '', 'TERMINADO', 'MOTORES', '', 'logo.png', 1, '2023-05-31'),
(108, 'AVIATSA', 'HR-AVR', 'TAIL COMPARTMENT VISUAL CHECK', 'PACKING', 'Task Cards', 'C-035B', '00:00:01', '00:00:01', '', 'TERMINADO', 'MOTORES', '', 'logo.png', 1, '2023-05-31'),
(109, 'AVIATSA', 'HR-AVR', 'CONTROL CABIN, LEFT WING & NACELLE ? OPERATIONAL CHECK', '', 'Task Cards', 'C-037B', '00:00:03', '00:00:03', '', 'TERMINADO', 'AVIONICA', '', 'logo.png', 1, '2023-05-31'),
(110, 'AVIATSA', 'HR-AVR', 'CONTROL CABIN, RIGHT WING & NACELLE ? OPERATIONAL CHECK', '', 'Task Cards', 'C-038B', '00:00:03', '00:00:03', '', 'TERMINADO', 'AVIONICA', '', 'logo.png', 1, '2023-05-31'),
(111, 'AVIATSA', 'HR-AVR', 'LEFT NACELLE ? LEAKAGE CHECK', 'PARA EL FINAL DEL SERVICIO', 'Task Cards', 'C-039B', '00:00:00', '00:00:00', '', 'PRUEBAS FUN/OP', 'MOTORES', '', 'logo.png', 1, '2023-05-31'),
(112, 'AVIATSA', 'HR-AVR', 'RIGHT NACELLE ? LEAKAGE CHECK', 'PARA EL FINAL DEL SERVICIO', 'Task Cards', 'C-040B', '00:00:00', '00:00:00', '', 'PRUEBAS FUN/OP', 'MOTORES', '', 'logo.png', 1, '2023-05-31'),
(113, 'AVIATSA', 'HR-AVR', 'PASSENGER CABIN ? VISUAL CHECK', '', 'Task Cards', 'C-146A', '00:00:04', '00:00:04', '', 'TERMINADO', 'CABINA', '', 'logo.png', 1, '2023-05-31'),
(114, 'AVIATSA', 'HR-AVR', 'FUSELAGE ? LOWER HALF ? VISUAL CHECK', '', 'Task Cards', 'C-147A', '00:00:02', '00:00:02', '', 'TERMINADO', 'FUSELAJE', '', 'logo.png', 1, '2023-05-31'),
(115, 'AVIATSA', 'HR-AVR', 'AFT CARGO COMPARTMENT ? VISUAL CHECK', '', 'Task Cards', 'C-148A', '00:00:01', '00:00:01', '', 'TERMINADO', 'BUZONES', '', 'logo.png', 1, '2023-05-31'),
(116, 'AVIATSA', 'HR-AVR', 'PASSENGER CABIN ? FILTER SERVICING', 'PEDIDO CARGADO A TNR 139, UNA VEZ QUE LLEGUE SE REALIZARA LA PRUEBA FUNCIONAL', 'Task Cards', 'C-149A', '00:00:03', '00:00:03', '', 'TERMINADO', 'AVIONICA', '', 'logo.png', 1, '2023-05-31'),
(117, 'AVIATSA', 'HR-AVR', 'PASSENGER CABIN ? FILTER SERVICING', '', 'Task Cards', 'C-149.1A', '00:00:00', '00:00:00', '', 'TERMINADO', 'CABINA', '', 'logo.png', 1, '2023-05-31'),
(118, 'AVIATSA', 'HR-AVR', 'APU COMPARTMENT ? VISUAL CHECK', '', 'Task Cards', 'C-150A', '00:00:08', '00:00:08', '', 'TERMINADO', 'MOTORES', '', 'logo.png', 1, '2023-05-31'),
(119, 'AVIATSA', 'HR-AVR', 'ELECTRONIC COMPARTMENT ? VISUAL CHECK', 'PENDIENTE HASTA INSTALACION DE EQUIPOS A INSPECCIONAR EN E/E', 'Task Cards', 'C-152A', '00:00:00', '00:00:00', '', 'TERMINADO', 'AVIONICA', '', 'logo.png', 1, '2023-05-31'),
(120, 'AVIATSA', 'HR-AVR', 'TAIL COMPARTMENT ? VISUAL CHECK', '', 'Task Cards', 'C-153A', '00:00:02', '00:00:02', '', 'TERMINADO', 'MOTORES', '', 'logo.png', 1, '2023-05-31'),
(121, 'AVIATSA', 'HR-AVR', 'APU COMPARTMENT ? FILTER SERVICING', 'GASKET P/N AN 901-6C 3 EA (HAY EN ALMACEN SAE)', 'Task Cards', 'C-154A', '00:00:00', '00:00:00', 'CASETA CONTROL', 'SIN EMPEZAR', 'MOTORES', '', 'logo.png', 1, '2023-05-31'),
(122, 'AVIATSA', 'HR-AVR', 'TAIL COMPARTMENT ? VISUAL CHECK', '', 'Task Cards', 'C-155A', '00:00:07', '00:00:07', '', 'TERMINADO', 'MOTORES', '', 'logo.png', 1, '2023-05-31'),
(123, 'AVIATSA', 'HR-AVR', 'PASSENGER COMPARTMENT ? VISUAL CHECK', '', 'Task Cards', 'C-156A', '00:00:01', '00:00:01', '', 'TERMINADO', 'CABINA', '', 'logo.png', 1, '2023-05-31'),
(124, 'AVIATSA', 'HR-AVR', 'AFT CARGO COMPARTMENT ? VISUAL CHECK', 'N/A', 'Task Cards', 'C-156.1A', '00:00:00', '00:00:00', '', 'TERMINADO', 'AVIONICA', '', 'logo.png', 1, '2023-05-31'),
(125, 'AVIATSA', 'HR-AVR', 'FORWARD AND AFT ENTRY DOORS AND FORWARD GALLEY SERVICE DOOR. AFT GALLEY SERVICE DOOR, CONTROL CABIN DOOR AND FORE AND AFT LAVATORY DOORS. DOOR WARNING', '', 'Task Cards', 'C-200A', '00:00:27', '00:00:27', '', 'TERMINADO', 'CABINA', '', 'logo.png', 1, '2023-05-31'),
(126, 'AVIATSA', 'HR-AVR', 'AFT ENTRY DOOR INCLUDING AIRSTAIR COMPONENTS EMERGENCY EXIT SEALS VISUAL CHECK AND SERVICE', '', 'Task Cards', 'C-202A', '00:00:01', '00:00:01', '', 'TERMINADO', 'FUSELAJE', '', 'logo.png', 1, '2023-05-31'),
(127, 'AVIATSA', 'HR-AVR', 'FORWARD AIRSTAIR EXTERIOR CONTROL LEVER, SUPPORT ARMS, STRUTS, STOPS, LATCHES, SWITCHES, EXPOSED DOOR CARRIAGE, JACKSCREW, ETC. FORE AND AFT CARGO COM', '', 'Task Cards', 'C-203A', '00:00:01', '00:00:01', '', 'TERMINADO', 'FUSELAJE', '', 'logo.png', 1, '2023-05-31'),
(128, 'AVIATSA', 'HR-AVR', 'FORWARD AIRSTAIR DOOR AND ACTUATING MECHANISM. AIRSTAIR CARRIAGE AND TRACK', '', 'Task Cards', 'C-204A', '00:00:01', '00:00:01', '', 'TERMINADO', 'FUSELAJE', '', 'logo.png', 1, '2023-05-31'),
(129, 'AVIATSA', 'HR-AVR', 'OP/C DOOR WARNING LIGHTS', '', 'Task Cards', 'C-210A', '00:00:01', '00:00:01', '', 'TERMINADO', 'CABINA', '', 'logo.png', 1, '2023-05-31'),
(130, 'AVIATSA', 'HR-AVR', 'PASSENGER CABIN WINDOWS, INCLUDING EMERGENCY EXIT HATCH AND DOOR MOUNTED', '', 'Task Cards', 'C-226A', '00:00:05', '00:00:05', '', 'TERMINADO', 'CABINA', '', 'logo.png', 1, '2023-05-31'),
(131, 'AVIATSA', 'HR-AVR', 'VISUAL AND OP/C FORWARD AND AFT CARGO COMPARTMENT OBSERVATION WINDOWS', 'N/A', 'Task Cards', 'C-227A', '00:00:00', '00:00:00', '', 'TERMINADO', 'CABINA', '', 'logo.png', 1, '2023-05-31'),
(132, 'AVIATSA', 'HR-AVR', 'LEFT NACELLE JT8D ? VISUAL CHECK', '', 'Task Cards', 'C-162B', '00:00:01', '00:00:01', '', 'TERMINADO', 'MOTORES', '', 'logo.png', 1, '2023-05-31'),
(133, 'AVIATSA', 'HR-AVR', 'RIGHT NACELLE JT8D ? VISUAL CHECK', '', 'Task Cards', 'C-163B', '00:00:01', '00:00:01', '', 'TERMINADO', 'MOTORES', '', 'logo.png', 1, '2023-05-31'),
(134, 'AVIATSA', 'HR-AVR', 'LEFT NACELLE JT8D ? VISUAL CHECK', '', 'Task Cards', 'C-164B', '00:00:02', '00:00:02', '', 'TERMINADO', 'MOTORES', '', 'logo.png', 1, '2023-05-31'),
(135, 'AVIATSA', 'HR-AVR', 'RIGHT NACELLE JT8D ? VISUAL CHECK', '', 'Task Cards', 'C-165B', '00:00:02', '00:00:02', '', 'TERMINADO', 'MOTORES', '', 'logo.png', 1, '2023-05-31'),
(136, 'AVIATSA', 'HR-AVR', 'LEFT NACELLE JT8D ? VISUAL CHECK', '', 'Task Cards', 'C-169B', '00:00:00', '00:00:00', '', 'TERMINADO', 'MOTORES', '', 'logo.png', 1, '2023-05-31'),
(137, 'AVIATSA', 'HR-AVR', 'RIGHT NACELLE JT8D ? VISUAL CHECK', 'FILTER KIT HAY EN ALMACEN/ NO SE PUEDE REALIZAR POR LA POSICION DEL MOTOR', 'Task Cards', 'C-170B', '00:00:01', '00:00:01', '', 'TERMINADO', 'MOTORES', '', 'logo.png', 1, '2023-05-31'),
(138, 'AVIATSA', 'HR-AVR', 'CONTROL CABIN/LEFT NACELLE JT8D ? OPERATIONAL CHECK', '', 'Task Cards', 'C-173B', '00:00:04', '00:00:04', 'CASETA CONTROL', 'PRUEBAS FUN/OP', 'MOTORES', '', 'logo.png', 1, '2023-05-31'),
(139, 'AVIATSA', 'HR-AVR', 'LEFT NACELLE JT8D ? VISUAL CHECK', '', 'Task Cards', 'C-175B', '00:00:04', '00:00:04', 'CASETA CONTROL', 'TERMINADO', 'MOTORES', '', 'logo.png', 1, '2023-05-31'),
(140, 'AVIATSA', 'HR-AVR', 'RIGHT NACELLE JT8D ? VISUAL CHECK', '', 'Task Cards', 'C-176B', '00:00:02', '00:00:02', '', 'TERMINADO', 'MOTORES', '', 'logo.png', 1, '2023-05-31'),
(141, 'AVIATSA', 'HR-AVR', 'CONTROL CABIN/LEFT NACELLE JT8D ? OPERATIONAL CHECK', '', 'Task Cards', 'C-177B', '00:00:02', '00:00:02', '', 'TERMINADO', 'MOTORES', '', 'logo.png', 1, '2023-05-31'),
(142, 'AVIATSA', 'HR-AVR', 'CONTROL CABIN/RIGHT NACELLE JT8D ? OPERATIONAL CHECK', '', 'Task Cards', 'C-178B', '00:00:01', '00:00:01', '', 'TERMINADO', 'MOTORES', '', 'logo.png', 1, '2023-05-31'),
(143, 'AVIATSA', 'HR-AVR', 'LEFT NACELLE JT8D ? VISUAL CHECK', '', 'Task Cards', 'C-179B', '00:00:01', '00:00:01', '', 'TERMINADO', 'MOTORES', '', 'logo.png', 1, '2023-05-31'),
(144, 'AVIATSA', 'HR-AVR', 'RIGHT NACELLE JT8D ? VISUAL CHECK', '', 'Task Cards', 'C-180B', '00:00:01', '00:00:01', '', 'TERMINADO', 'MOTORES', '', 'logo.png', 1, '2023-05-31'),
(145, 'AVIATSA', 'HR-AVR', 'CONTROL CABIN/LEFT NACELLE JT8D ? OPERATIONAL CHECK', 'N/A', 'Task Cards', 'C-181B', '00:00:01', '00:00:01', '', 'TERMINADO', 'MOTORES', '', 'logo.png', 1, '2023-05-31'),
(146, 'AVIATSA', 'HR-AVR', 'CONTROL CABIN/RIGHT NACELLE JT8D ? OPERATIONAL CHECK', 'N/A', 'Task Cards', 'C-182B', '00:00:00', '00:00:00', '', 'TERMINADO', 'MOTORES', '', 'logo.png', 1, '2023-05-31'),
(147, 'AVIATSA', 'HR-AVR', 'CONTROL CABIN/LEFT NACELLE JT8D ? VISUAL CHECK', '', 'Task Cards', 'C-183B', '00:00:00', '00:00:00', '', 'TERMINADO', 'MOTORES', '', 'logo.png', 1, '2023-05-31'),
(148, 'AVIATSA', 'HR-AVR', 'ELECTRONICS COMPARTMENT JT8D ? VISUAL CHECK', '', 'Task Cards', 'C-185B', '00:00:01', '00:00:01', '', 'TERMINADO', 'MOTORES', '', 'logo.png', 1, '2023-05-31'),
(149, 'AVIATSA', 'HR-AVR', 'LEFT WING JT8D ? VISUAL CHECK', 'SE REVISARA SI TIENE MATERIAL COMPLETO/ REVISAR EN CASO DE QUE SI TENGA, SE PUEDE CERRAR', 'Task Cards', 'C-186B', '00:00:01', '00:00:01', '', 'PARA LUBRICACION', 'MOTORES', '', 'logo.png', 1, '2023-05-31'),
(150, 'AVIATSA', 'HR-AVR', 'RIGHT WING JT8D ? VISUAL CHECK', 'SE REVISARA SI TIENE MATERIAL COMPLETO/ REVISAR EN CASO DE QUE SI TENGA, SE PUEDE CERRAR', 'Task Cards', 'C-187B', '00:00:02', '00:00:02', '', 'PARA LUBRICACION', 'MOTORES', '', 'logo.png', 1, '2023-05-31'),
(151, 'AVIATSA', 'HR-AVR', 'LEFT NACELLE JT8D ? VISUAL CHECK', '', 'Task Cards', 'C-188B', '00:00:02', '00:00:02', '', 'TERMINADO', 'MOTORES', '', 'logo.png', 1, '2023-05-31'),
(152, 'AVIATSA', 'HR-AVR', 'RIGHT NACELLE JT8D ? VISUAL CHECK', '', 'Task Cards', 'C-189B', '00:00:01', '00:00:01', '', 'TERMINADO', 'MOTORES', '', 'logo.png', 1, '2023-05-31'),
(153, 'AVIATSA', 'HR-AVR', 'ELECTRONICS COMPARTMENT JT8D ? VISUAL CHECK', 'N/A', 'Task Cards', 'C-190B', '00:00:00', '00:00:00', '', 'TERMINADO', 'MOTORES', '', 'logo.png', 1, '2023-05-31'),
(154, 'AVIATSA', 'HR-AVR', 'A/C EQUIPMENT BAY ? JT8D ? VISUAL CHECK', '', 'Task Cards', 'C-191B', '00:00:00', '00:00:00', '', 'TERMINADO', 'MOTORES', '', 'logo.png', 1, '2023-05-31'),
(155, 'AVIATSA', 'HR-AVR', 'LEFT NACELLE JT8D ? VISUAL CHECK', '', 'Task Cards', 'C-192B', '00:00:01', '00:00:01', '', 'TERMINADO', 'MOTORES', '', 'logo.png', 1, '2023-05-31'),
(156, 'AVIATSA', 'HR-AVR', 'RIGHT NACELLE JT8D ? VISUAL CHECK', '', 'Task Cards', 'C-193B', '00:00:02', '00:00:02', '', 'TERMINADO', 'MOTORES', '', 'logo.png', 1, '2023-05-31'),
(157, 'AVIATSA', 'HR-AVR', 'CONTROL CABIN / LEFT NACELLE JT8D ? OPERATIONAL CHECK', '', 'Task Cards', 'C-194B', '00:00:02', '00:00:02', '', 'TERMINADO', 'MOTORES', '', 'logo.png', 1, '2023-05-31'),
(158, 'AVIATSA', 'HR-AVR', 'CONTROL CABIN / RIGHT NACELLE JT8D ? OPERATIONAL CHECK', '', 'Task Cards', 'C-195B', '00:00:01', '00:00:01', '', 'TERMINADO', 'MOTORES', '', 'logo.png', 1, '2023-05-31'),
(159, 'AVIATSA', 'HR-AVR', 'FUSELAGE LOWER HALF JT8D VISUAL CHECK', '', 'Task Cards', 'C-196B', '00:00:01', '00:00:01', '', 'TERMINADO', 'MOTORES', '', 'logo.png', 1, '2023-05-31'),
(160, 'AVIATSA', 'HR-AVR', 'A/C EQUIPMENT BAY ? JT8D ? VISUAL CHECK', '', 'Task Cards', 'C-197B', '00:00:01', '00:00:01', '', 'TERMINADO', 'MOTORES', '', 'logo.png', 1, '2023-05-31'),
(161, 'AVIATSA', 'HR-AVR', 'LEFT MAIN WHEEL WELL JT8D ? VISUAL CHECK', '', 'Task Cards', 'C-198B', '00:00:01', '00:00:01', '', 'TERMINADO', 'MOTORES', '', 'logo.png', 1, '2023-05-31'),
(162, 'AVIATSA', 'HR-AVR', 'LEFT NACELLE JT8D ? VISUAL CHECK', '', 'Task Cards', 'C-199B', '00:00:01', '00:00:01', '', 'TERMINADO', 'MOTORES', '', 'logo.png', 1, '2023-05-31'),
(163, 'AVIATSA', 'HR-AVR', 'LEFT NACELLE JT8D ? VISUAL CHECK', '', 'Task Cards', 'C-200B', '00:00:18', '00:00:18', '', 'TERMINADO', 'MOTORES', '', 'logo.png', 1, '2023-05-31'),
(164, 'AVIATSA', 'HR-AVR', 'RIGHT NACELLE JT8D ? VISUAL CHECK', '', 'Task Cards', 'C-201B', '00:00:00', '00:00:00', '', 'TERMINADO', 'MOTORES', '', 'logo.png', 1, '2023-05-31'),
(165, 'AVIATSA', 'HR-AVR', 'RIGHT NACELLE JT8D ? VISUAL CHECK', '', 'Task Cards', 'C-202B', '00:00:14', '00:00:14', '', 'TERMINADO', 'MOTORES', '', 'logo.png', 1, '2023-05-31'),
(166, 'AVIATSA', 'HR-AVR', 'CONTROL CABIN/LEFT NACELLE JT8D ? OPERATIONAL CHECK', 'PARA EL FINAL DEL SERVICIO', 'Task Cards', 'C-203B', '00:00:00', '00:00:00', '', 'PRUEBAS FUN/OP', 'MOTORES', '', 'logo.png', 1, '2023-05-31'),
(167, 'AVIATSA', 'HR-AVR', 'CONTROL CABIN/RIGHT NACELLE JT8D ? OPERATIONAL CHECK', 'PARA EL FINAL DEL SERVICIO', 'Task Cards', 'C-204B', '00:00:00', '00:00:00', '', 'PRUEBAS FUN/OP', 'MOTORES', '', 'logo.png', 1, '2023-05-31'),
(168, 'AVIATSA', 'HR-AVR', 'LEFT NACELLE JT8D ? VISUAL CHECK', '', 'Task Cards', 'C-205B', '00:00:00', '00:00:00', '', 'TERMINADO', 'MOTORES', '', 'logo.png', 1, '2023-05-31'),
(169, 'AVIATSA', 'HR-AVR', 'RIGHT NACELLE JT8D ? VISUAL CHECK', '', 'Task Cards', 'C-206B', '00:00:01', '00:00:01', '', 'TERMINADO', 'MOTORES', '', 'logo.png', 1, '2023-05-31'),
(170, 'AVIATSA', 'HR-AVR', 'CONTROL CABIN/LEFT NACELLE JT8D ? FUNCTIONAL CHECK', 'PARA EL FINAL DEL SERVICIO', 'Task Cards', 'C-206.1B', '00:00:01', '00:00:01', '', 'PRUEBAS FUN/OP', 'MOTORES', '', 'logo.png', 1, '2023-05-31'),
(171, 'AVIATSA', 'HR-AVR', 'CONTROL CABIN/RIGHT NACELLE JT8D ? FUNCTIONAL CHECK', 'PARA EL FINAL DEL SERVICIO', 'Task Cards', 'C-206.2B', '00:00:00', '00:00:00', '', 'PRUEBAS FUN/OP', 'MOTORES', '', 'logo.png', 1, '2023-05-31'),
(172, 'AVIATSA', 'HR-AVR', 'LEFT NACELLE JT8D ? VISUAL CHECK', '', 'Task Cards', 'C-207B', '00:00:00', '00:00:00', '', 'TERMINADO', 'MOTORES', '', 'logo.png', 1, '2023-05-31'),
(173, 'AVIATSA', 'HR-AVR', 'RIGHT NACELLE JT8D ? VISUAL CHECK', '', 'Task Cards', 'C-208B', '00:00:01', '00:00:01', '', 'TERMINADO', 'MOTORES', '', 'logo.png', 1, '2023-05-31'),
(174, 'AVIATSA', 'HR-AVR', 'LANDING GEAR AND WHEEL WELLS - LEFT SIDE', 'PRUEBAS DE LEAKAGE PARA EL FINAL DEL SERVICIO Y FALTA DOCUMENTO (SALIDA DE ALMACEN)', 'Task Cards', '2B-01A', '00:00:01', '00:00:01', '', 'PRUEBAS FUN/OP', 'HIDRAULICA', '', 'logo.png', 1, '2023-05-31'),
(175, 'AVIATSA', 'HR-AVR', 'LANDING GEAR AND WHEEL WELLS RIGHT SIDE', 'FILTROS', 'Task Cards', '2B-02A', '00:00:00', '00:00:00', 'CASETA CONTROL', 'PENDIENTE MAT', 'HIDRAULICA', '', 'logo.png', 1, '2023-05-31'),
(176, 'AVIATSA', 'HR-AVR', 'LEFT MAIN WHEEL WELL', 'FALTA INFLAR SHOCK STRUT CON NITROGENO PARA EL FINAL DEL SERVICIO', 'Task Cards', '2B-03A', '00:00:00', '00:00:00', '', 'PARA CIERRE DE AREA', 'HIDRAULICA', '', 'logo.png', 1, '2023-05-31'),
(177, 'AVIATSA', 'HR-AVR', 'RIGHT MAIN WHEEL WELL', 'FALTA HACER SERVICIO CON NITROGENO, PENDIENTE HASTA FINALIZAR EL ARMADO DEL TREN, PARA EL FINAL DE SERVICIO', 'Task Cards', '2B-04A', '00:00:00', '00:00:00', '', 'PARA CIERRE DE AREA', 'HIDRAULICA', '', 'logo.png', 1, '2023-05-31'),
(178, 'AVIATSA', 'HR-AVR', 'NOSE WHEEL WELL', 'FALTA EFECTUAR SERVICIO CON NITROGENO PARA EL FINAL DEL SERVICIO/ SE REALIZARA UNA VEZ TERMINADO DE ARMAR EL TREN', 'Task Cards', '2B-05A', '00:00:06', '00:00:06', '', 'PARA CIERRE DE AREA', 'HIDRAULICA', '', 'logo.png', 1, '2023-05-31'),
(179, 'AVIATSA', 'HR-AVR', 'E & E COMPARTMENT', '', 'Task Cards', '2B-06A', '00:00:04', '00:00:04', '', 'TERMINADO', 'AVIONICA', '', 'logo.png', 1, '2023-05-31'),
(180, 'AVIATSA', 'HR-AVR', 'POWERPLANT AND NACELLES LEFT NACELLE', 'PRUEBAS DE LEAKAGE PARA EL FINAL DEL SERVICIO', 'Task Cards', '2B-01B', '00:00:00', '00:00:00', '', 'PRUEBAS FUN/OP', 'HIDRAULICA', '', 'logo.png', 1, '2023-05-31'),
(181, 'AVIATSA', 'HR-AVR', 'POWERPLANT AND NACELLES RIGHT NACELLE', 'PRUEBA DE LEAKAGE PARA EL FINAL DEL SERVICIO', 'Task Cards', '2B-02B', '00:00:00', '00:00:00', '', 'PRUEBAS FUN/OP', 'HIDRAULICA', '', 'logo.png', 1, '2023-05-31'),
(182, 'AVIATSA', 'HR-AVR', 'LEFT MAIN WHEEL WELL', 'PARA EL FINAL DEL SERVICIO', 'Task Cards', 'L-2B-01A', '00:00:00', '00:00:00', '', 'PARA LUBRICACION', 'ALA', '', 'logo.png', 1, '2023-05-31'),
(183, 'AVIATSA', 'HR-AVR', 'RIGHT MAIN WHEEL WELL', 'PARA EL FINAL DEL SERVICIO', 'Task Cards', 'L-2B-02A', '00:00:12', '00:00:12', '', 'PARA LUBRICACION', 'ALA', '', 'logo.png', 1, '2023-05-31'),
(184, 'AVIATSA', 'HR-AVR', 'LEFT WING', 'PARA EL FINAL DEL SERVICIO', 'Task Cards', 'L-2B-03A', '00:00:12', '00:00:12', '', 'PARA LUBRICACION', 'ALA', '', 'logo.png', 1, '2023-05-31'),
(185, 'AVIATSA', 'HR-AVR', 'RIGHT WING', 'PARA EL FINAL DEL SERVICIO', 'Task Cards', 'L-2B-04A', '00:00:00', '00:00:00', '', 'PARA LUBRICACION', 'ALA', '', 'logo.png', 1, '2023-05-31'),
(186, 'AVIATSA', 'HR-AVR', 'EMPENNAGE', 'PARA EL FINAL DEL SERVICIO', 'Task Cards', 'L-2B-05A', '00:00:11', '00:00:11', '', 'PARA LUBRICACION', 'EMPENAJE', '', 'logo.png', 1, '2023-05-31'),
(187, 'AVIATSA', 'HR-AVR', 'Fuselage- Lower Half', '', 'Task Cards', 'B-01A', '00:00:00', '00:00:00', '', 'SIN EMPEZAR', 'FUSELAJE', '', 'logo.png', 1, '2023-05-31'),
(188, 'AVIATSA', 'HR-AVR', 'Fuselage- Upper Half', '', 'Task Cards', 'B-02A', '00:00:03', '00:00:03', '', 'TERMINADO', 'FUSELAJE', '', 'logo.png', 1, '2023-05-31'),
(189, 'AVIATSA', 'HR-AVR', 'OP/C-Passenger Compartment', '', 'Task Cards', 'B-03A', '00:00:03', '00:00:03', '', 'SIN EMPEZAR', 'CABINA', '', 'logo.png', 1, '2023-05-31'),
(190, 'AVIATSA', 'HR-AVR', 'APU Compartment', '', 'Task Cards', 'B-04A', '00:00:03', '00:00:03', '', 'PENDIENTE COMP', 'MOTORES', '', 'logo.png', 1, '2023-05-31'),
(191, 'AVIATSA', 'HR-AVR', 'OP/C Control Cabin', '', 'Task Cards', 'B-05A', '00:00:03', '00:00:03', '', 'SIN EMPEZAR', 'CABINA', '', 'logo.png', 1, '2023-05-31'),
(192, 'AVIATSA', 'HR-AVR', 'Shop Check - APU Compartment', '', 'Task Cards', 'B-06A', '00:00:02', '00:00:02', '', 'SIN EMPEZAR', 'MOTORES', '', 'logo.png', 1, '2023-05-31'),
(193, 'AVIATSA', 'HR-AVR', 'OP/C - Center Fuel Tank Scavenge System', '', 'Task Cards', 'B-07A', '00:00:02', '00:00:02', '', 'SIN EMPEZAR', 'AVIONICA', '', 'logo.png', 1, '2023-05-31'),
(194, 'AVIATSA', 'HR-AVR', 'OP/C - Aft Cargo Compartment', '', 'Task Cards', 'B-08A', '00:00:02', '00:00:02', '', 'SIN EMPEZAR', 'AVIONICA', '', 'logo.png', 1, '2023-05-31'),
(195, 'AVIATSA', 'HR-AVR', 'Clean - Water Scavenge Ejector Pump', '', 'Task Cards', 'B-09A', '00:00:02', '00:00:02', '', 'SIN EMPEZAR', 'AVIONICA', '', 'logo.png', 1, '2023-05-31'),
(196, 'AVIATSA', 'HR-AVR', 'Visual Check of Cargo Equipment', '', 'Task Cards', 'B-10A', '00:00:02', '00:00:02', '', 'TERMINADO', 'BUZONES', '', 'logo.png', 1, '2023-05-31'),
(197, 'AVIATSA', 'HR-AVR', 'Microbial Test - Wings', '', 'Task Cards', 'B-10,1A', '00:00:02', '00:00:02', '', 'SIN EMPEZAR', 'ALA', '', 'logo.png', 1, '2023-05-31'),
(198, 'AVIATSA', 'HR-AVR', 'Clean A.C. Filters in Control Cabin', '', 'Task Cards', 'B-11A', '00:00:01', '00:00:01', '', 'SIN EMPEZAR', 'AVIONICA', '', 'logo.png', 1, '2023-05-31'),
(199, 'AVIATSA', 'HR-AVR', 'Clean AC Filters in Pax Cabin', '', 'Task Cards', 'B-12A', '00:00:01', '00:00:01', '', 'SIN EMPEZAR', 'AVIONICA', '', 'logo.png', 1, '2023-05-31'),
(200, 'AVIATSA', 'HR-AVR', 'Left Nacelle', '', 'Task Cards', 'B-01B', '00:00:01', '00:00:01', '', 'PRUEBAS FUN/OP', 'MOTORES', '', 'logo.png', 1, '2023-05-31'),
(201, 'AVIATSA', 'HR-AVR', 'Right Nacelle', '', 'Task Cards', 'B-02B', '00:00:01', '00:00:01', '', 'PRUEBAS FUN/OP', 'MOTORES', '', 'logo.png', 1, '2023-05-31'),
(202, 'AVIATSA', 'HR-AVR', 'Service - landing Gear and Wheel Well s', '', 'Task Cards', '3A-01A', '00:00:01', '00:00:01', '', 'SIN EMPEZAR', 'HIDRAULICA', '', 'logo.png', 1, '2023-05-31'),
(203, 'AVIATSA', 'HR-AVR', 'OP/C- Fuselage- Lower Half, Toilet Drain Heaters', '', 'Task Cards', '3A-02A', '00:00:00', '00:00:00', '', 'PRUEBAS FUN/OP', 'FUSELAJE', '', 'logo.png', 1, '2023-05-31'),
(204, 'AVIATSA', 'HR-AVR', 'Fuselage - lower Hal f Drain Holes', '', 'Task Cards', '3A-03A', '00:00:00', '00:00:00', '', 'SIN EMPEZAR', 'FUSELAJE', '', 'logo.png', 1, '2023-05-31'),
(205, 'AVIATSA', 'HR-AVR', 'Service - Fuselage ? Lower Half / AC Bays', '', 'Task Cards', '3A-04A', '00:00:00', '00:00:00', '', 'SIN EMPEZAR', 'FUSELAJE', '', 'logo.png', 1, '2023-05-31'),
(206, 'AVIATSA', 'HR-AVR', 'Fuselage - lower Half Electronics Compartment', '', 'Task Cards', '3A-05A', '00:00:00', '00:00:00', '', 'TERMINADO', 'FUSELAJE', '', 'logo.png', 1, '2023-05-31'),
(207, 'AVIATSA', 'HR-AVR', 'OP/C - Control and Passenger Cabins and Electronic Compartment', '', 'Task Cards', '3A-06A', '00:00:00', '00:00:00', '', 'SIN EMPEZAR', 'AVIONICA', '', 'logo.png', 1, '2023-05-31'),
(208, 'AVIATSA', 'HR-AVR', 'Service- Auxiliary Power Unit APU Compartment', '', 'Task Cards', '3A-07A', '00:00:00', '00:00:00', '', 'PRUEBAS FUN/OP', 'MOTORES', '', 'logo.png', 1, '2023-05-31'),
(209, 'AVIATSA', 'HR-AVR', 'Service - Powerplant and Nacelles Left Engine', '', 'Task Cards', '3A-01B', '00:00:00', '00:00:00', '', 'TERMINADO', 'MOTORES', '', 'logo.png', 1, '2023-05-31'),
(210, 'AVIATSA', 'HR-AVR', 'Service - Powerplant and Nacelles Right Nacelle', '', 'Task Cards', '3A-02B', '00:00:00', '00:00:00', '', 'TERMINADO', 'MOTORES', '', 'logo.png', 1, '2023-05-31'),
(211, 'AVIATSA', 'HR-AVR', 'Left Main Landing Gear', '', 'Task Cards', 'L-3A-01A', '00:00:00', '00:00:00', '', 'SIN EMPEZAR', 'HIDRAULICA', '', 'logo.png', 1, '2023-05-31'),
(212, 'AVIATSA', 'HR-AVR', 'Right Main Landing Gear', '', 'Task Cards', 'L-3A-02A', '00:00:00', '00:00:00', '', 'SIN EMPEZAR', 'HIDRAULICA', '', 'logo.png', 1, '2023-05-31'),
(213, 'AVIATSA', 'HR-AVR', 'Nose Landing Gear', '', 'Task Cards', 'L-3A-03A', '00:00:00', '00:00:00', '', 'SIN EMPEZAR', 'HIDRAULICA', '', 'logo.png', 1, '2023-05-31'),
(214, 'AVIATSA', 'HR-AVR', 'Left Main Wheel Well', '', 'Task Cards', 'L-3A-04A', '00:00:00', '00:00:00', '', 'TERMINADO', 'ALA', '', 'logo.png', 1, '2023-05-31'),
(215, 'AVIATSA', 'HR-AVR', 'Right Main Wheel Well', '', 'Task Cards', 'L-3A-05A', '-00:00:01', '-00:00:01', '', 'TERMINADO', 'ALA', '', 'logo.png', 1, '2023-05-31'),
(216, 'AVIATSA', 'HR-AVR', 'Left Wing', '', 'Task Cards', 'L-3A-06A', '-00:00:01', '-00:00:01', '', 'TERMINADO', 'ALA', '', 'logo.png', 1, '2023-05-31'),
(217, 'AVIATSA', 'HR-AVR', 'Right Wing', '', 'Task Cards', 'L-3A-07A', '-00:00:01', '-00:00:01', '', 'SIN EMPEZAR', 'ALA', '', 'logo.png', 1, '2023-05-31'),
(218, 'AVIATSA', 'HR-AVR', 'Powerplant and Nacelles - LH', '', 'Task Cards', '2A-01A', '-00:00:01', '-00:00:01', '', 'TERMINADO', 'MOTORES', '', 'logo.png', 1, '2023-05-31'),
(219, 'AVIATSA', 'HR-AVR', 'Powerplant and Nacelles - RH', '', 'Task Cards', '2A-02A', '-00:00:01', '-00:00:01', '', 'TERMINADO', 'MOTORES', '', 'logo.png', 1, '2023-05-31'),
(220, 'AVIATSA', 'HR-AVR', 'Landing Gear and Wheel Wells (LH)', '', 'Task Cards', 'A-01A', '-00:00:01', '-00:00:01', '', 'SIN EMPEZAR', 'HIDRAULICA', '', 'logo.png', 1, '2023-05-31'),
(221, 'AVIATSA', 'HR-AVR', 'Landing Gear and Wheel Wells (RH)', '', 'Task Cards', 'A-02A', '-00:00:02', '-00:00:02', '', 'SIN EMPEZAR', 'HIDRAULICA', '', 'logo.png', 1, '2023-05-31'),
(222, 'AVIATSA', 'HR-AVR', 'Landing Gear and Wheel Well - Nose Gear', '', 'Task Cards', 'A-03A', '-00:00:02', '-00:00:02', '', 'SIN EMPEZAR', 'HIDRAULICA', '', 'logo.png', 1, '2023-05-31'),
(223, 'AVIATSA', 'HR-AVR', 'Wings - LH', '', 'Task Cards', 'A-04A', '-00:00:02', '-00:00:02', '', 'SIN EMPEZAR', 'ALA', '', 'logo.png', 1, '2023-05-31'),
(224, 'AVIATSA', 'HR-AVR', 'Wings - RH', '', 'Task Cards', 'A-05A', '-00:00:02', '-00:00:02', '', 'SIN EMPEZAR', 'ALA', '', 'logo.png', 1, '2023-05-31'),
(225, 'AVIATSA', 'HR-AVR', 'Fuselage- Lower Half', '', 'Task Cards', 'A-06A', '-00:00:02', '-00:00:02', '', 'SIN EMPEZAR', 'FUSELAJE', '', 'logo.png', 1, '2023-05-31'),
(226, 'AVIATSA', 'HR-AVR', 'Fuselage- Upper Half', '', 'Task Cards', 'A-07A', '-00:00:02', '-00:00:02', '', 'SIN EMPEZAR', 'FUSELAJE', '', 'logo.png', 1, '2023-05-31'),
(227, 'AVIATSA', 'HR-AVR', 'Passenger and/or Aft Cargo Compartment', '', 'Task Cards', 'A-08A', '-00:00:03', '-00:00:03', '', 'SIN EMPEZAR', 'AVIONICA', '', 'logo.png', 1, '2023-05-31'),
(228, 'AVIATSA', 'HR-AVR', 'Empennage Vertical Stabilizer', '', 'Task Cards', 'A-09A', '-00:00:03', '-00:00:03', '', 'VERIFICACION FINAL', 'EMPENAJE', '', 'logo.png', 1, '2023-05-31'),
(229, 'AVIATSA', 'HR-AVR', 'Empennage Tail Compartment', '', 'Task Cards', 'A-10A', '-00:00:03', '-00:00:03', '', 'SIN EMPEZAR', 'EMPENAJE', '', 'logo.png', 1, '2023-05-31'),
(230, 'AVIATSA', 'HR-AVR', 'Empennage - Left Horizontal Stabilizer', '', 'Task Cards', 'A-11A', '-00:00:03', '-00:00:03', '', 'SIN EMPEZAR', 'EMPENAJE', '', 'logo.png', 1, '2023-05-31'),
(231, 'AVIATSA', 'HR-AVR', 'Empennage - Right Horizontal Stabilizer', '', 'Task Cards', 'A-12A', '-00:00:03', '-00:00:03', '', 'SIN EMPEZAR', 'EMPENAJE', '', 'logo.png', 1, '2023-05-31'),
(232, 'AVIATSA', 'HR-AVR', 'OP/C Control and Passenger Cabins', '', 'Task Cards', 'A-13A', '-00:00:03', '-00:00:03', '', 'SIN EMPEZAR', 'AVIONICA', '', 'logo.png', 1, '2023-05-31'),
(233, 'AVIATSA', 'HR-AVR', 'Service - Powerplant and Nacelles LH', '', 'Task Cards', 'A-01B', '-00:00:04', '-00:00:04', '', 'TERMINADO', 'MOTORES', '', 'logo.png', 1, '2023-05-31'),
(234, 'AVIATSA', 'HR-AVR', 'Service - Powerplant and Nacelles RH', '', 'Task Cards', 'A-02B', '-00:00:04', '-00:00:04', '', 'TERMINADO', 'MOTORES', '', 'logo.png', 1, '2023-05-31'),
(235, 'AVIATSA', 'HR-AVR', 'Drain - Landing Gear and Wheel Wells (RH)', '', 'Task Cards', 'A-03B', '-00:00:04', '-00:00:04', '', 'SIN EMPEZAR', 'HIDRAULICA', '', 'logo.png', 1, '2023-05-31'),
(236, 'AVIATSA', 'HR-AVR', 'LAVATORY FIRE PROTECTION INSP.', '', 'AD', '74-08-09 R3', '00:00:01', '00:00:01', 'CASETA CONTROL', 'TERMINADO', 'CABINA', '', 'logo.png', 1, '2023-05-31'),
(237, 'AVIATSA', 'HR-AVR', 'TAKE OF CONFIGURATION WARNING SYSTEM', '', 'AD', '88-22-09', '00:00:01', '00:00:01', 'CASETA CONTROL', 'SIN EMPEZAR', 'AVIONICA', '', 'logo.png', 1, '2023-05-31'),
(238, 'AVIATSA', 'HR-AVR', 'TRANS AERO FLT ATENDANT SEAT P/N 90835 AND SEAT PAN ROLLER P/N 99062-3 AND -4', 'SOLO FALTA ARMAR ATTENDANT SEAT Y SE CIERRA LA AD', 'AD', '89-14-11', '00:00:06', '00:00:06', 'CASETA CONTROL', 'PARA CIERRE DE AREA', 'CABINA', '', 'logo.png', 1, '2023-05-31'),
(239, 'AVIATSA', 'HR-AVR', 'ESCAPE SLIDE RELEASE CABLES', '', 'AD', '90-12-11', '00:00:02', '00:00:02', 'CASETA CONTROL', 'EN PROCESO', 'CABINA', '', 'logo.png', 1, '2023-05-31'),
(240, 'AVIATSA', 'HR-AVR', 'FORWARD SERVICE DOOR', 'FALTA INSTALACION DE SELLOS, PENDIENTE POR MATERIAL DE TNR', 'AD', '96-10-06', '00:00:01', '00:00:01', 'CASETA CONTROL', 'PARA CIERRE DE AREA', 'CABINA', '', 'logo.png', 1, '2023-05-31'),
(241, 'AVIATSA', 'HR-AVR', 'DETECT AND CORRECT CORROSION & CRACKING OF THE ACTUATOR BEAN ARM (MLG)', 'PENDIENTE HASTA INSTALACION DE TREN', 'AD', '99-10-12', '00:00:03', '00:00:03', 'CASETA CONTROL', 'PARA CIERRE DE AREA', 'HIDRAULICA', '', 'logo.png', 1, '2023-05-31'),
(242, 'AVIATSA', 'HR-AVR', 'AIRCRAFT BATTERY CHARGER', 'FALTA GCU/ FALTA OVERHAUL DE BATERIA', 'AD', '99-24-08', '00:00:32', '00:00:32', 'CASETA CONTROL', 'PRUEBAS FUN/OP', 'AVIONICA', '', 'logo.png', 1, '2023-05-31'),
(243, 'AVIATSA', 'HR-AVR', 'PREVENT FAILURE OF THE SECONDARY SUPPORT TO', '', 'AD', '99-26-07', '00:00:10', '00:00:10', 'CASETA CONTROL', 'PARA CIERRE DE AREA', 'MOTORES', '', 'logo.png', 1, '2023-05-31'),
(244, 'AVIATSA', 'HR-AVR', 'TO PREVENT FRACTURE OF THE 7TH, 8TH, 9TH, 10TH, 11TH', 'COMPRESOR SE ENVIARA A OVER HOLUD P/N: 777579 S/N: KV6302', 'AD', '7/12/2003', '00:00:29', '00:00:29', 'CASETA CONTROL', 'PENDIENTE COMP', 'MOTORES', '', 'logo.png', 1, '2023-05-31'),
(245, 'AVIATSA', 'HR-AVR', 'RUDDER FRONT SPAR AND MAIN THRUST HINGE AND', 'PENDIENTE HASTA FINALIZAR CPCP C55-706-20 (1 OF 1)', 'AD', '2003-26-01', '00:00:02', '00:00:02', 'CASETA CONTROL', 'PARA CIERRE DE AREA', 'EMPENAJE', '', 'logo.png', 1, '2023-05-31'),
(246, 'AVIATSA', 'HR-AVR', 'HORIZONTAL STABILIZER PIVOT HINGE PINS', 'PENDIENTE HASTA FINALIZAR CPCP C53-701-02 (3 OF 6)', 'AD', '2004-19-10', '00:00:05', '00:00:05', 'CASETA CONTROL', 'PARA CIERRE DE AREA', 'EMPENAJE', '', 'logo.png', 1, '2023-05-31');
INSERT INTO `seguimiento` (`id_seguimiento`, `cliente_seguimiento`, `matricula_seguimiento`, `descripcion_seguimiento`, `observaciones`, `tipo_tarjeta`, `codigo_seguimiento`, `horas_minimo`, `horas_maximo`, `ubicacion_seguimiento`, `estados_seguimiento`, `area_seguimiento`, `materiales_seguimiento`, `foto_seguimiento`, `disponible`, `fecha_creacion`) VALUES
(247, 'SEAL 10-60031-58 10 EA\n', '', '', '', '', '', '00:00:00', '00:00:00', '', '', '', 'NO LLEGO MATERIAL', '', 0, '0000-00-00'),
(248, 'SEAL 10-60031-58 10 EA\n', '', '', '', '', '', '00:00:00', '00:00:00', '', '', '', 'NO LLEGO MATERIAL', '', 0, '0000-00-00'),
(249, 'TNR 310, 321\"', 'CPCP', 'C57-305-04 (2 OF 2)', '26', '26', 'CASETA CONTROL', '00:00:00', '00:00:00', 'NO LLEGO', 'logo.png', '1', '', '', 0, '0000-00-00'),
(250, 'AVIATSA', 'HR-AVR', 'PERFORM INSPECTION STABILIZERS ELEVATOR REAR SPAR', 'N/A', 'AD', '2006-14-07', '00:00:03', '00:00:03', 'CASETA CONTROL', 'TERMINADO', 'EMPENAJE', '', 'logo.png', 1, '2023-05-31'),
(251, 'SEAL 10-60031-58 10 EA\n', '', '', '', '', '', '00:00:00', '00:00:00', '', '', '', 'NO LLEGO MATERIAL', '', 0, '0000-00-00'),
(252, 'AVIATSA', 'HR-AVR', 'WINGS - ATTACH FITINGS LANDING GEAR MLG BEAMS OUTBOARD', '', 'AD', '10/8/2008', '00:00:03', '00:00:03', 'CASETA CONTROL', 'EN PROCESO', 'HIDRAULICA', '', 'logo.png', 1, '2023-05-31'),
(253, 'AVIATSA', 'HR-AVR', 'FLIGHT COMPARTMENT- FLIGHT DECK NO. 2, 4 Y 5 WINDOWS-', 'VENTANILLA 4 Y 5', 'AD', '15/9/2008', '00:00:10', '00:00:10', 'CASETA CONTROL', 'PARA INSPECCION', 'CABINA', '', 'logo.png', 1, '2023-05-31'),
(254, 'AVIATSA', 'HR-AVR', 'TO A DETECT AND CORRECT BROKEN RETRACT ACTUATOR', 'COMPONENTE PARA OVERHOULD O COMPRA- ATUATOR BEAM', 'AD', '7/9/2009', '00:01:07', '00:01:07', 'CASETA CONTROL', 'PENDIENTE COMP', 'HIDRAULICA', '', 'logo.png', 1, '2023-05-31'),
(255, 'AVIATSA', 'HR-AVR', 'FUEL. ENGNE FUEL SHUTOFF VALV WIRE BUNDLE REPLACEMENT', '', 'AD', '2009-14-04', '00:00:13', '00:00:13', 'CASETA CONTROL', 'TERMINADO', 'AVIONICA', '', 'logo.png', 1, '2023-05-31'),
(256, 'AVIATSA', 'HR-AVR', 'FUSELAGE - SKIN CRACKS AT CHEM - MILLED STEPS IN CROWN SKIN AT SPECIFIED LOCATION INSP.', '', 'AD', '2011-24-12', '00:00:00', '00:00:00', 'CASETA CONTROL', 'TERMINADO', 'FUSELAJE', '', 'logo.png', 1, '2023-05-31'),
(257, 'AVIATSA', 'HR-AVR', 'TO PREVENT AN UNDETECTED FAILURE OF THE PRIMARY MECHANISIM OF THE HSTA', 'COMPONENTE JACK SCREW ENVIADO A TALLER PARA MODIFICACION', 'AD', '2011-27-03', '00:00:08', '00:00:08', 'CASETA CONTROL', 'PENDIENTE COMP', 'EMPENAJE', '', 'logo.png', 1, '2023-05-31'),
(258, 'AVIATSA', 'HR-AVR', 'TO PREVENT IGNITION OF THE BMS 8-39 OR AMS 3570', 'FALTA CERRAR PANELES', 'AD', '9/2/2012', '00:00:14', '00:00:14', 'CASETA CONTROL', 'PARA CIERRE DE AREA', 'CABINA', '', 'logo.png', 1, '2023-05-31'),
(259, 'AVIATSA', 'HR-AVR', 'TO DETECT AND CORRECT DISCREPANCIES IN THE AFTER', 'PENDIENTE HASTA FINALIZAR CPCP C55-709-21 (1 OF 2 Y 2 OF 2)', 'AD', '2012-20-06', '00:00:35', '00:00:35', 'CASETA CONTROL', 'PARA CIERRE DE AREA', 'EMPENAJE', '', 'logo.png', 1, '2023-05-31'),
(260, 'AVIATSA', 'HR-AVR', 'PERFORM VISUAL, HFEC AND ULTRASONIC INSPECTIONS FOR CRACKING AND DAMAGE IN THE FLAP TRACK', 'FALTA APLICACI?N DE PINTURA BLANCA', 'AD', '2/9/2013', '00:00:19', '00:00:19', 'CASETA CONTROL', 'VERIFICACION FINAL', 'ALA', '', 'logo.png', 1, '2023-05-31'),
(261, 'SEAL 10-60031-58 10 EA\n', '', '', '', '', '', '00:00:00', '00:00:00', '', '', '', 'NO LLEGO MATERIAL', '', 0, '0000-00-00'),
(262, 'AVIATSA', 'HR-AVR', 'TO PREVENT DAMAGE TO WIRE', '', 'AD', '5/4/2014', '00:00:00', '00:00:00', 'CASETA CONTROL', 'TERMINADO', 'CABINA', '', 'logo.png', 1, '2023-05-31'),
(263, 'AVIATSA', 'HR-AVR', 'FUSELAGE, AFT PRESSURE BULKHEAD INSPECTION, MODI-', 'PENDIENTE POR ORCO TAPE (SE INSTALARAN BLANKETS NUEVOS)', 'AD', '2014-18-02', '00:00:00', '00:00:00', 'CASETA CONTROL', 'EN PROCESO', 'FUSELAJE', '', 'logo.png', 1, '2023-05-31'),
(264, 'AVIATSA', 'HR-AVR', 'FUSELAGE. PASSENGER CABIN FLOORS- STATION 520 TO 540', 'TOP KIT DE REPARACION', 'AD', '26/2/2015', '00:00:12', '00:00:12', 'CASETA CONTROL', 'PENDIENTE MAT', 'CABINA', '', 'logo.png', 1, '2023-05-31'),
(265, 'AVIATSA', 'HR-AVR', 'TO DETECT AND CORRECT ANY CRACKING IN THE REAR SPAR UPPER CHORD, WHICH COULD', '', 'AD', '2015-21-08', '00:00:37', '00:00:37', 'CASETA CONTROL', 'TERMINADO', 'ALA', '', 'logo.png', 1, '2023-05-31'),
(266, 'AVIATSA', 'HR-AVR', 'TO PREVENT THE LOSS OF CABIN ALTITUDE WARNING, WHICH', '', 'AD', '2015-21-11', '00:00:01', '00:00:01', 'CASETA CONTROL', 'PRUEBAS FUN/OP', 'AVIONICA', '', 'logo.png', 1, '2023-05-31'),
(267, 'AVIATSA', 'HR-AVR', '737 AIRPLANES WITH THE LINE NUMBERS HIGHER THAN 291', '\"(P/M: PANEL DE CONTROL DE COMBUSTIBLE) 3 SERVICE BULLETIN 737-28A1228(EN PROCESO)', ' 737-28A1210(PENDIENTE MAT)', ' 737-28A1227(EN PROCESO)\"', '00:00:00', '00:20:16', '26,5', '26,5', 'CASETA CONTROL', '', 'AVIONICA', 0, '0000-00-00'),
(268, 'AVIATSA', 'HR-AVR', 'FUSELAGE- AFTER SKIN- INSPECTION, REPAIR AND SKIN PANEL', '', 'AD', '2/2/2017', '00:00:00', '00:00:00', 'CASETA CONTROL', 'TERMINADO', 'FUSELAJE', '', 'logo.png', 1, '2023-05-31'),
(269, 'AVIATSA', 'HR-AVR', 'WAS PRONTED BY A REPORT INDICATING THAT WEAR OF THE', 'FALTA REALIZAR LA PRUEBA TAB TEST (NDT) PENDIENTE HASTA INSTALACION DE ESTABILIZADOR HORIZONTAL IZQUIERDO', 'AD', '2017-25-10', '00:00:00', '00:00:00', 'CASETA CONTROL', 'PENDIENTE COMP', 'EMPENAJE', '', 'logo.png', 1, '2023-05-31'),
(270, 'AVIATSA', 'HR-AVR', 'FUSELAGE-FRAMES-BODY STATION727 OUTBOARD CHORD', 'FALTA SALIDA DE DINITROL', 'AD', '8/1/2018', '00:00:11', '00:00:11', 'CASETA CONTROL', 'TERMINADO', 'FUSELAJE', '', 'logo.png', 1, '2023-05-31'),
(271, 'AVIATSA', 'HR-AVR', 'FUEL - ENGINE FUEL FEED SYSTEM WING AND CENTER TANK FUEL BOOST PUMP WIRE BONDLE', '', 'AD', '12/4/2018', '00:00:02', '00:00:02', 'CASETA CONTROL', 'PENDIENTE MAT', 'AVIONICA', '', 'logo.png', 1, '2023-05-31'),
(272, 'AVIATSA', 'HR-AVR', 'WINGS- CENTER WING BOX- BODY STATION 663.75 AFT', '\"FALTA SALIDA DE SELLANTE 870 ACTUALIZADO', ' SE ENCUENTRA VENCIDO\"', 'AD', '00:00:12', '00:00:00', '', 'CASETA CONTROL', 'TERMINADO', '', '', 0, '0000-00-00'),
(273, 'SEAL 10-60031-58 10 EA\n', '', '', '', '', '', '00:00:00', '00:00:00', '', '', '', 'NO LLEGO MATERIAL', '', 0, '0000-00-00'),
(274, 'AVIATSA', 'HR-AVR', 'ZODIAC AEROTECNICS OXIGEM MASK REGULATOR', '', 'AD', '2018-21-14', '00:00:19', '00:00:19', 'CASETA CONTROL', 'SIN EMPEZAR', 'CABINA', '', 'logo.png', 1, '2023-05-31'),
(275, 'AVIATSA', 'HR-AVR', 'EQUIPMENT FURNISHINGS ZODIAC AERO EVACUATION SYST.', '', 'AD', '2018-23-12', '00:00:00', '00:00:00', 'CASETA CONTROL', 'SIN EMPEZAR', 'CABINA', '', 'logo.png', 1, '2023-05-31'),
(276, 'AVIATSA', 'HR-AVR', 'ICE AND RAIN PROTECTION PITOT STATIC TUBES, TEMPERATU-', '\"TIENE 3 SERVICE BULLETIN SB 737-30A1064 (PENDIENTE COMPONENTE: PANEL)', ' 373-30A1067(EN PROCESO) MARCO LEDEZMA 22/03/2022', ' 737-30A1068 (PARA CIERRE DE AREA) CUANDO SE TERMINE ELSB 737 1067 SE INSTALARA CONECTORES A LA JUNT', '00:00:00', '00:00:01', '', '', 'CASETA CONTROL', '', 'AVIONICA', 0, '0000-00-00'),
(277, 'SEAL 10-60031-58 10 EA\n', '', '', '', '', '', '00:00:00', '00:00:00', '', '', '', 'NO LLEGO MATERIAL', '', 0, '0000-00-00'),
(278, 'AVIATSA', 'HR-AVR', 'FUEL: CENTER TANK FUEL BOOST PUMP AUTOMATIC SYSTEM.', 'PENDIENTE HASTA CONCLUIR AD 2016-18-16, QUE ESTA PENDIENTE POR MATERIAL', 'AD', '2019-23-14', '00:00:00', '00:00:00', 'CASETA CONTROL', 'PRUEBAS FUN/OP', 'AVIONICA', '', 'logo.png', 1, '2023-05-31'),
(279, 'AVIATSA', 'HR-AVR', 'FLIHGT MANAGEMENT', 'N/A', 'AD', '5/10/2020', '00:00:00', '00:00:00', 'CASETA CONTROL', 'TERMINADO', 'AVIONICA', '', 'logo.png', 1, '2023-05-31'),
(280, 'AVIATSA', 'HR-AVR', 'OXIGEM - CREW OXIGEM MASK STOWAGE BOX UNIT INSP. / REP.', '', 'AD', '4/8/2021', '00:00:00', '00:00:00', 'CASETA CONTROL', 'TERMINADO', 'CABINA', '', 'logo.png', 1, '2023-05-31'),
(281, 'AVIATSA', 'HR-AVR', 'CABIN ALTITUD WARNING', 'PENDIENTE HASTA CONCLUIR AD 2015-21-11, QUE ESTA PENDIENTE POR MATERIAL', 'AD', '2021-14-20', '00:00:00', '00:00:00', 'CASETA CONTROL', 'PRUEBAS FUN/OP', 'AVIONICA', '', 'logo.png', 1, '2023-05-31'),
(282, 'AVIATSA', 'HR-AVR', 'PERFORM ULTRASONIC INSPECTION BODY STATION 303.9 FRAME WEB CRACKS AT EDGE OF HOLE FOR DOOR STOP FITTING STRAP', '', 'AD', '2014-23-10', '00:00:00', '00:00:00', 'CASETA CONTROL', 'TERMINADO', 'CABINA', '', 'logo.png', 1, '2023-05-31'),
(283, 'SEAL 10-60031-58 10 EA\n', '', '', '', '', '', '00:00:00', '00:00:00', '', '', '', 'NO LLEGO MATERIAL', '', 0, '0000-00-00'),
(284, 'AVIATSA', 'HR-AVR', 'LEFT WING-TRAILING EDGE CAVITY INTERIOR, MLG TRUNNION BEARING HOUSING ON LANDING GEAR BEAM AND WING REAR SPAR.', '', 'CPCP', 'C32-310-02 (1 OF 2)', '00:00:00', '00:00:00', 'CASETA CONTROL', 'TERMINADO', 'HIDRAULICA', '', 'logo.png', 1, '2023-05-31'),
(285, 'AVIATSA', 'HR-AVR', 'RIGHT WING-TRAILING EDGE CAVITY INTERIOR, MLG TRUNNION BEARING HOUSING ON LANDING GEAR BEAM AND WING REAR SPAR.', '', 'CPCP', 'C32-310-02 (2 OF 2)', '00:00:20', '00:00:20', 'CASETA CONTROL', 'TERMINADO', 'HIDRAULICA', '', 'logo.png', 1, '2023-05-31'),
(286, 'AVIATSA', 'HR-AVR', 'LEFT WING-TRAILING EDGE CAVITY INTERIOR, MLG BEAM INBOARD LUG & B.S. 706 FRAME LUG', 'SOLO FALTA SALIDA DE DINITROL', 'CPCP', 'C32-310-03 (1 OF 2)', '00:00:07', '00:00:07', 'CASETA CONTROL', 'TERMINADO', 'HIDRAULICA', '', 'logo.png', 1, '2023-05-31'),
(287, 'AVIATSA', 'HR-AVR', 'RIGHT WING-TRAILING EDGE CAVITY INTERIOR, MLG BEAM INBOARD LUG & B.S. 706 FRAME LUG', 'SOLO FALTA SALIDA DE DINITROL', 'CPCP', 'C32-310-03 (2 OF 2)', '00:00:07', '00:00:07', 'CASETA CONTROL', 'TERMINADO', 'HIDRAULICA', '', 'logo.png', 1, '2023-05-31'),
(288, 'AVIATSA', 'HR-AVR', 'FUSELAGE EXTERIOR- NLG BAY AREA', 'FALTA MATERIAL , COMPONENTES Y DINITROL', 'CPCP', 'C53-100-01 (7 OF 12)', '00:00:41', '00:00:41', 'CASETA CONTROL', 'PENDIENTE MAT', 'HIDRAULICA', '', 'logo.png', 1, '2023-05-31'),
(289, 'AVIATSA', 'HR-AVR', 'FUSELAGE EXTERIOR- LEFT MLG BAY', 'FALTA DINITROL', 'CPCP', 'C53-100-01 (8 OF12)', '00:00:40', '00:00:40', 'CASETA CONTROL', 'PENDIENTE MAT', 'HIDRAULICA', '', 'logo.png', 1, '2023-05-31'),
(290, 'AVIATSA', 'HR-AVR', 'FUSELAGE EXTERIOR- RIGHT MLG BAY', 'FALTA DINITROL', 'CPCP', 'C53-100-01 (9 OF 12)', '00:00:24', '00:00:24', 'CASETA CONTROL', 'PENDIENTE MAT', 'HIDRAULICA', '', 'logo.png', 1, '2023-05-31'),
(291, 'AVIATSA', 'HR-AVR', 'FUSELAGE EXTERIOR- SURFACE- UPPER LOBE', '', 'CPCP', 'C53-100-01 (10 OF 12)', '00:00:09', '00:00:09', 'CASETA CONTROL', 'TERMINADO', 'FUSELAJE', '', 'logo.png', 1, '2023-05-31'),
(292, 'AVIATSA', 'HR-AVR', 'FUSELAGE EXTERIOR- SURFACE- LOWER LOBE', 'PENDIENTE POR MATERIAL(SELLO) DE LA TNR 80/TNR 79 EN PROCESO DE PINTADO DE RADOME', 'CPCP', 'C53-100-01 (11 OF 12)', '00:00:01', '00:00:01', 'CASETA CONTROL', 'TERMINADO', 'FUSELAJE', '', 'logo.png', 1, '2023-05-31'),
(293, 'AVIATSA', 'HR-AVR', 'FUSELAGE EXTERIOR- SURFACE -SECTION 48', 'FALTA SALIDA DE DINITROL', 'CPCP', 'C53-100-01 (12 OF 12)', '00:00:02', '00:00:02', 'CASETA CONTROL', 'PARA CIERRE DE AREA', 'FUSELAJE', '', 'logo.png', 1, '2023-05-31'),
(294, 'AVIATSA', 'HR-AVR', 'FUSELAGE - CONTROL CABIN INTERIOR', 'FALTA INSTALAR ASIENTOS Y PUERTA DE COMANDO PENDIENTE HASTA TERMINAR TRABAJOS DE PINTURA EN EL AREA, TAMBIEN PENDIENTE MATERIAL: VENTANILLAS 4 Y 5', 'CPCP', 'C53-101-01 (1 0F 1)', '00:00:56', '00:00:56', 'CASETA CONTROL', 'PARA CIERRE DE AREA', 'CABINA', '', 'logo.png', 1, '2023-05-31'),
(295, 'AVIATSA', 'HR-AVR', 'FUSELAGE -UPPER LOVE INTERIOR INCL FLOOR', 'FALTA INSTALACION DOOR LININGS', 'CPCP', 'C53-107-01 (1 0F 3)', '00:00:00', '00:00:00', 'CASETA CONTROL', 'PARA CIERRE DE AREA', 'CABINA', '', 'logo.png', 1, '2023-05-31'),
(296, 'AVIATSA', 'HR-AVR', 'FUSELAGE -UPPER LOVE INTERIOR INCL FLOOR', 'FALTA INSTALACION DE VENTANILLAS DE EMERGENCIA PENDIENTE POR PEDIDO DE MATERIAL(SELLO DE LA VENTANILLA), FALTA INSTALACION DE SIDEWALL PANELS PENDIENT', 'CPCP', 'C53-107-01 (2 0F 3)', '00:01:37', '00:01:37', 'CASETA CONTROL', 'PARA CIERRE DE AREA', 'CABINA', '', 'logo.png', 1, '2023-05-31'),
(297, 'AVIATSA', 'HR-AVR', 'FUSELAGE UPPER LOBE INTERIOR, INCL. FLOOR STRUCTURE, BS 727 TO 1016', 'FALTA SELLADO DE TARJETA Y SALIDA DE DINITROL, EL CERRAOD DE PANELES SE EFECTUARA CON ADS DE CABINA Y AVIONICA', 'CPCP', 'C53-107-01 (3 OF 3)', '00:00:00', '00:00:00', 'CASETA CONTROL', 'EN PROCESO', 'CABINA', '', 'logo.png', 1, '2023-05-31'),
(298, 'AVIATSA', 'HR-AVR', 'FUSELAGE UPPER LOBE INTERIOR- AREAS UNDER GALLEYS AND LAVS', 'FALTA SELLADO DE TARJETA Y SALIDA DE DINITROL, EL CERRAOD DE PANELES SE EFECTUARA CON ADS DE CABINA Y AVIONICA', 'CPCP', 'C53-107-02 (1 OF 1)', '00:00:00', '00:00:00', 'CASETA CONTROL', 'EN PROCESO', 'CABINA', '', 'logo.png', 1, '2023-05-31'),
(299, 'AVIATSA', 'HR-AVR', 'FUSELAGE LOWER LOBE- INTERIOR- BS 178- 380', 'COMPLETAR TORNILLOS FALTANTES', 'CPCP', 'C53-202-01 (1 OF 3)', '00:00:00', '00:00:00', 'CASETA CONTROL', 'PARA CIERRE DE AREA', 'FUSELAJE', '', 'logo.png', 1, '2023-05-31'),
(300, 'AVIATSA', 'HR-AVR', 'FUSELAGE LOWER LOBE- INTERIOR- BS 380- 540', 'FALTA INSTALAR SIDEWALL', 'CPCP', 'C53-202-01 (2 OF 3)', '00:00:00', '00:00:00', 'CASETA CONTROL', 'EN PROCESO', 'BUZONES', '', 'logo.png', 1, '2023-05-31'),
(301, 'AVIATSA', 'HR-AVR', 'FUSELAGE LOWER LOBE- INTERIOR- BS 727- 1016', 'FALTA SELLADO DE TARJETA Y SALIDA DE DINITROL, EL CERRADO DE PANELES SE EFECTUARA CON ADS DE CABINA Y AVIONICA', 'CPCP', 'C53-202-01 (3 OF 3)', '00:00:37', '00:00:37', 'CASETA CONTROL', 'TERMINADO', 'BUZONES', '', 'logo.png', 1, '2023-05-31'),
(302, 'AVIATSA', 'HR-AVR', 'FUSELAGE LOWER LOBE-INTERIOR FROM BS 227.8', 'FALTA REEMPLAZAR TORNILLOS', 'CPCP', 'C53-202-02 (1 OF 1)', '00:00:00', '00:00:00', 'CASETA CONTROL', 'PARA CIERRE DE AREA', 'FUSELAJE', '', 'logo.png', 1, '2023-05-31'),
(303, 'AVIATSA', 'HR-AVR', 'FUSELAGE LOWER LOBE- INTERIOR, UNDER', 'SELLANTE Y TORNILLOS', 'CPCP', 'C53-202-04 (1 OF 1)', '00:00:00', '00:00:00', 'CASETA CONTROL', 'PARA CIERRE DE AREA', 'FUSELAJE', '', 'logo.png', 1, '2023-05-31'),
(304, 'AVIATSA', 'HR-AVR', 'FUSELAGE BILGE INTERIOR- BS380 TO 540', 'FALTA SALIDA DE DINITROL', 'CPCP', 'C53-208-01 (2 OF 4)', '00:00:43', '00:00:43', 'CASETA CONTROL', 'EN PROCESO', 'BUZONES', '', 'logo.png', 1, '2023-05-31'),
(305, 'AVIATSA', 'HR-AVR', 'FUSELAGE BILGE INTERIOR- BS727 TO 1016', '', 'CPCP', 'C53-208-01 (4 OF 4)', '00:00:37', '00:00:37', 'CASETA CONTROL', 'VERIFICACION FINAL', 'BUZONES', '', 'logo.png', 1, '2023-05-31'),
(306, 'AVIATSA', 'HR-AVR', 'FUSELAGE LEFT UNDER WING TO BODY FAIRINGS AND AIR CONDITIONING', 'AFT FITTING', 'CPCP', 'C53-212-01 (1 OF 2)', '00:00:48', '00:00:48', 'CASETA CONTROL', 'EN PROCESO', 'FUSELAJE', '', 'logo.png', 1, '2023-05-31'),
(307, 'AVIATSA', 'HR-AVR', 'FUSELAGE RIGHT UNDER WING TO BODY FAIRINGS AND AIR CONDITIONING', 'PENDIENTE POR FALTA DE MATERIAL DE LA TNRS 325', 'CPCP', 'C53-212-01 (2 OF 2)', '00:00:23', '00:00:23', 'CASETA CONTROL', 'PARA CIERRE DE AREA', 'FUSELAJE', '', 'logo.png', 1, '2023-05-31'),
(308, 'AVIATSA', 'HR-AVR', 'FUSELAGE- L/H- UNDER AIR CONDITIONING BAY', 'FALTA CIERRE DE ACCESOS Y APLICACI?N DE SELLANTE', 'CPCP', 'C53-212-02 (1 OF 2)', '00:00:05', '00:00:05', 'CASETA CONTROL', 'PARA CIERRE DE AREA', 'FUSELAJE', '', 'logo.png', 1, '2023-05-31'),
(309, 'AVIATSA', 'HR-AVR', 'FUSELAGE- R/H- UNDER AIR CONDITIONING', 'FALTA CIERRE DE ACCESOS Y APLICACI?N DE SELLANTE', 'CPCP', 'C53-212-02 (2 OF 2)', '00:00:16', '00:00:16', 'CASETA CONTROL', 'PARA CIERRE DE AREA', 'FUSELAJE', '', 'logo.png', 1, '2023-05-31'),
(310, 'AVIATSA', 'HR-AVR', 'FUSELAGE- SECTION 48 INTERIOR INCLUDING', 'SE ESTA APLICANDO DINITROL PARCIALMENTE', 'CPCP', 'C53-701-01 (1 OF 1)', '00:00:21', '00:00:21', 'CASETA CONTROL', 'TERMINADO', 'FUSELAJE', '', 'logo.png', 1, '2023-05-31'),
(311, 'AVIATSA', 'HR-AVR', 'FUSELAGE- SECTION 48 INTERIOR L/H', 'FALTA APLICACI?N DE DINITROL Y CIERRE DE ACCESOS', 'CPCP', 'C53-701-02 (3 OF 6)', '00:00:13', '00:00:13', 'CASETA CONTROL', 'PARA CIERRE DE AREA', 'EMPENAJE', '', 'logo.png', 1, '2023-05-31'),
(312, 'AVIATSA', 'HR-AVR', 'FUSELAGE- SECTION 48 INTERIOR R/H', 'FALTA CERRAR PANELES, SUBIR EL MOTOR Y DOCUMENTACION DE DINITROL', 'CPCP', 'C53-701-02 (4 OF 6)', '00:00:08', '00:00:08', 'CASETA CONTROL', 'EN PROCESO', 'EMPENAJE', '', 'logo.png', 1, '2023-05-31'),
(313, 'AVIATSA', 'HR-AVR', 'FUSELAGE- SECTION 48 INTERIOR, LEFT HORIZONTAL STABILIZER LUGS-TO-CENTER SECTION ATTACH FITTINGS', 'FALTA CERRAR PANELES, SUBIR EL MOTOR Y DOCUMENTACION DE DINITROL', 'CPCP', 'C53-701-02 (5 OF 6)', '00:00:09', '00:00:09', 'CASETA CONTROL', 'PARA CIERRE DE AREA', 'EMPENAJE', '', 'logo.png', 1, '2023-05-31'),
(314, 'AVIATSA', 'HR-AVR', 'FUSELAGE- SECTION 48 INTERIOR R/H', 'PENDIENTE POR TNRS 328(P/MAT: SCREW), 331(VERIFICACION FINAL), 332(SIN EMPEZAR: PENDIENTE HAST INSTALACION DE ESTABILIZADOR IZQUIERDO)', 'CPCP', 'C53-701-02 (6 OF 6)', '00:00:04', '00:00:04', 'CASETA CONTROL', 'EN PROCESO', 'EMPENAJE', '', 'logo.png', 1, '2023-05-31'),
(315, 'AVIATSA', 'HR-AVR', 'FUSELAGE- SECTION 48 INTERIOR, HORIZONTAL', 'FALTA CIERRE DE ACCESOS', 'CPCP', 'C53-701-03 (1 OF 1)', '00:00:03', '00:00:03', 'CASETA CONTROL', 'EN PROCESO', 'EMPENAJE', '', 'logo.png', 1, '2023-05-31'),
(316, 'AVIATSA', 'HR-AVR', 'FUSELAGE- SECTION 48 INTERIOR, HORIZONTAL', 'PENDIENTE POR TNRS 342(P/MAT: BOLT, NUT, WASHER), 350(P/MAT: BOLT, NUT, WASHER)', 'CPCP', 'C53-701-04 (1 OF 1)', '00:00:03', '00:00:03', 'CASETA CONTROL', 'EN PROCESO', 'EMPENAJE', '', 'logo.png', 1, '2023-05-31'),
(317, 'AVIATSA', 'HR-AVR', '# 1 POWERPLANT STRUT', 'FALTA CERRAR ACCESOS', 'CPCP', 'C54-500-01 (1 OF 2)', '00:00:02', '00:00:02', 'CASETA CONTROL', 'PARA CIERRE DE AREA', 'MOTORES', '', 'logo.png', 1, '2023-05-31'),
(318, 'AVIATSA', 'HR-AVR', '2, # 2 POWERPLANT STRUT', 'CIERRE DE TARJETA PENDIENTE POR SALIDAS DE PINTURA DE LA TNR', 'CPCP', 'C54-500-01 (2 OF 2)', '00:00:09', '00:00:09', 'CASETA CONTROL', 'PARA CIERRE DE AREA', 'MOTORES', '', 'logo.png', 1, '2023-05-31'),
(319, 'AVIATSA', 'HR-AVR', 'L/H HORIZONTAL STABILIZER EXTERIOR SURFACE', 'SELLANTE 870 B1/2', 'CPCP', 'C55-700-01 (1 OF 2)', '00:00:10', '00:00:10', 'CASETA CONTROL', 'PARA CIERRE DE AREA', 'EMPENAJE', '', 'logo.png', 1, '2023-05-31'),
(320, 'AVIATSA', 'HR-AVR', 'R/H HORIZONTAL STABILIZER EXTERIOR SURFACE', 'SELLANTE 870 B1/2', 'CPCP', 'C55-700-01 (2 OF 2)', '00:00:00', '00:00:00', 'CASETA CONTROL', 'EN PROCESO', 'EMPENAJE', '', 'logo.png', 1, '2023-05-31'),
(321, 'AVIATSA', 'HR-AVR', 'L/H HORIZONTAL STABILIZER EXTERIOR SURFACE', 'SELLANTE 870 B1/2', 'CPCP', 'C55-700-02 (1 OF 2)', '00:00:47', '00:00:47', 'CASETA CONTROL', 'PARA CIERRE DE AREA', 'EMPENAJE', '', 'logo.png', 1, '2023-05-31'),
(322, 'AVIATSA', 'HR-AVR', 'R/H HORIZONTAL STABILIZER EXTERIOR SURFACE', 'PENDIENTE POR ACCION CORRECTIVA TNR 438 Y APLICAR DINITROL', 'CPCP', 'C55-700-02 (2 OF 2)', '00:00:12', '00:00:12', 'CASETA CONTROL', 'EN PROCESO', 'EMPENAJE', '', 'logo.png', 1, '2023-05-31'),
(323, 'AVIATSA', 'HR-AVR', 'VERTICAL STABILIZER -EXTERIOR SURFACE', 'FALTA CIERRE DE ACCESOS Y APLICACI?N DE SELLANTE', 'CPCP', 'C55-700-10 (1 OF 1)', '00:00:08', '00:00:08', 'CASETA CONTROL', 'PARA CIERRE DE AREA', 'EMPENAJE', '', 'logo.png', 1, '2023-05-31'),
(324, 'AVIATSA', 'HR-AVR', 'VERTICAL STABILIZER -LEADING EDGE CAVITY INTER.', 'EN PROCESO DE APLICADO DE DINITROL', 'CPCP', 'C55-706-01 (1 OF 1)', '00:00:22', '00:00:22', 'CASETA CONTROL', 'PENDIENTE MAT', 'EMPENAJE', '', 'logo.png', 1, '2023-05-31'),
(325, 'AVIATSA', 'HR-AVR', 'VERTICAL STABILIZER -MAIN BOX INTERIOR', 'FALTA CIERRE DE ACCESOS Y APLICACI?N DE SELLANTE', 'CPCP', 'C55-706-10 (1 OF 1)', '00:00:25', '00:00:25', 'CASETA CONTROL', 'PENDIENTE MAT', 'EMPENAJE', '', 'logo.png', 1, '2023-05-31'),
(326, 'AVIATSA', 'HR-AVR', 'VERTICAL STABILIZER- INTERIOR, FUSELAGE ATTACHMENT LUGS AT FRONT AND REAR SPAR', 'EN PROCESO DE APLICADO DE DINITROL', 'CPCP', 'C55-706-11 (1 OF 1)', '00:00:23', '00:00:23', 'CASETA CONTROL', 'VERIFICACION FINAL', 'EMPENAJE', '', 'logo.png', 1, '2023-05-31'),
(327, 'AVIATSA', 'HR-AVR', 'VERTICAL STABILIZER -TRAILING EDGE CAVITY INTER.', 'FALTA CIERRE DE ACCESOS Y APLICACI?N DE SELLANTE', 'CPCP', 'C55-706-20 (1 OF 1)', '00:00:19', '00:00:19', 'CASETA CONTROL', 'PENDIENTE MAT', 'EMPENAJE', '', 'logo.png', 1, '2023-05-31'),
(328, 'AVIATSA', 'HR-AVR', 'L/H HORIZONTAL STABILIZER -MAIN BOX INTERIOR', 'FALTA SELLANTE DE COMBUSTIBLE', 'CPCP', 'C55-709-01 (1 OF 2)', '00:00:15', '00:00:15', 'CASETA CONTROL', 'PARA CIERRE DE AREA', 'EMPENAJE', '', 'logo.png', 1, '2023-05-31'),
(329, 'AVIATSA', 'HR-AVR', 'R/H HORIZONTAL STABILIZER -MAIN BOX INTERIOR', '', 'CPCP', 'C55-709-01 (2 OF 2)', '00:00:12', '00:00:12', 'CASETA CONTROL', 'EN PROCESO', 'EMPENAJE', '', 'logo.png', 1, '2023-05-31'),
(330, 'AVIATSA', 'HR-AVR', 'LEFT HORIZONTAL STABILIZER- MAIN BOX INTERIOR', '', 'CPCP', 'C55-709-10 (1 OF 2)', '00:00:02', '00:00:02', 'CASETA CONTROL', 'PARA CIERRE DE AREA', 'EMPENAJE', '', 'logo.png', 1, '2023-05-31'),
(331, 'AVIATSA', 'HR-AVR', 'RIGHT HORIZONTAL STABILIZER- MAIN BOX INTERIOR', 'FALTA COTTER PIN', 'CPCP', 'C55-709-10 (2 OF 2)', '00:00:16', '00:00:16', 'CASETA CONTROL', 'EN PROCESO', 'EMPENAJE', '', 'logo.png', 1, '2023-05-31'),
(332, 'AVIATSA', 'HR-AVR', 'LEFT HORIZONTAL STABILIZER- TRAILING EDGE CAVITY INTERIOR', 'FALTA COTTER PIN', 'CPCP', 'C55-709-20 (1 OF 2)', '00:00:13', '00:00:13', 'CASETA CONTROL', 'EN PROCESO', 'EMPENAJE', '', 'logo.png', 1, '2023-05-31'),
(333, 'AVIATSA', 'HR-AVR', 'RIGHT HORIZONTAL STABILIZER TRAILING EDGE CAVITY INTERIOR', 'CIERRE DE ACCESOS PENDIENTE POR TRABAJOS DE HIDRAULICA (PEDIDO DE MATERIAL POR PARTE DE HIDRAULICA)', 'CPCP', 'C55-709-20 (2 OF 2)', '00:00:28', '00:00:28', 'CASETA CONTROL', 'PENDIENTE MAT', 'EMPENAJE', '', 'logo.png', 1, '2023-05-31'),
(334, 'AVIATSA', 'HR-AVR', 'L/H HORIZONTAL STABILIZER -TRAILING EDGE', 'CIERRE DE ACCESOS PENDIENTE POR TRABAJOS DE HIDRAULICA (PEDIDO DE MATERIAL POR PARTE DE HIDRAULICA)', 'CPCP', 'C55-709-21 (1 OF 2)', '00:00:33', '00:00:33', 'CASETA CONTROL', 'EN PROCESO', 'EMPENAJE', '', 'logo.png', 1, '2023-05-31'),
(335, 'AVIATSA', 'HR-AVR', 'R/H HORIZONTAL STABILIZER -TRAILING EDGE', 'FALTA ADJUNTAR SALIDA DE DINITROL', 'CPCP', 'C55-709-21 (2 OF 2)', '00:00:04', '00:00:04', 'CASETA CONTROL', 'EN PROCESO', 'EMPENAJE', '', 'logo.png', 1, '2023-05-31'),
(336, 'AVIATSA', 'HR-AVR', 'L/H HORIZONTAL STABILIZER- TRAILING EDGE', 'FALTA ADJUNTAR SALIDA DE DINITROL', 'CPCP', 'C55-709-22 (1 OF 2)', '00:00:01', '00:00:01', 'CASETA CONTROL', 'EN PROCESO', 'EMPENAJE', '', 'logo.png', 1, '2023-05-31'),
(337, 'AVIATSA', 'HR-AVR', 'R/H HORIZONTAL STABILIZER- TRAILING EDGE', 'PENDIENTE POR FALTA DE APLICACI?N DE SELLANTE, SE HARA AL FINAL DE SERVICIO DEBIDO A TRABAJOS DE HIDRAULICA (MATERIAL EN PEDIDO POR PARTE DE EHIDRAULI', 'CPCP', 'C55-709-22 (2 OF 2)', '00:00:43', '00:00:43', 'CASETA CONTROL', 'EN PROCESO', 'EMPENAJE', '', 'logo.png', 1, '2023-05-31'),
(338, 'AVIATSA', 'HR-AVR', 'WING CENTER SECTION INTERIOR VISUAL INSPECTION', 'PENDIENTE POR FALTA DE APLICACI?N DE SELLANTE, SE HARA AL FINAL DE SERVICIO DEBIDO A TRABAJOS DE HIDRAULICA (MATERIAL EN PEDIDO POR PARTE DE EHIDRAULI', 'CPCP', 'C57-221-01 (2 OF 2)', '00:00:38', '00:00:38', 'CASETA CONTROL', 'PARA CIERRE DE AREA', 'ALA', '', 'logo.png', 1, '2023-05-31'),
(339, 'AVIATSA', 'HR-AVR', 'L/H WING - OUTBOARD EXTERIOR', 'PENDIENTE POR FALTA DE SALIDA DE DINITROL', 'CPCP', 'C57-300-01 (1 OF 2)', '00:00:12', '00:00:12', 'CASETA CONTROL', 'TERMINADO', 'ALA', '', 'logo.png', 1, '2023-05-31'),
(340, 'AVIATSA', 'HR-AVR', 'R/H WING - OUTBOARD EXTERIOR', 'PENDIENTE POR FALTA DE SALIDA DE DINITROL', 'CPCP', 'C57-300-01 (2 OF 2)', '00:00:10', '00:00:10', 'CASETA CONTROL', 'TERMINADO', 'ALA', '', 'logo.png', 1, '2023-05-31'),
(341, 'SEAL 10-60031-58 10 EA\n', '', '', '', '', '', '00:00:00', '00:00:00', '', '', '', 'NO LLEGO MATERIAL', '', 0, '0000-00-00'),
(342, 'SEAL 10-60031-58 10 EA\n', '', '', '', '', '', '00:00:00', '00:00:00', '', '', '', 'NO LLEGO MATERIAL', '', 0, '0000-00-00'),
(343, 'SEAL 10-60031-58 10 EA\n', '', '', '', '', '', '00:00:00', '00:00:00', '', '', '', 'NO LLEGO MATERIAL', '', 0, '0000-00-00'),
(344, 'SEAL 10-60031-58 10 EA\n', '', '', '', '', '', '00:00:00', '00:00:00', '', '', '', 'NO LLEGO MATERIAL', '', 0, '0000-00-00'),
(345, 'SEAL 10-60031-58 10 EA\n', '', '', '', '', '', '00:00:00', '00:00:00', '', '', '', 'NO LLEGO MATERIAL', '', 0, '0000-00-00'),
(346, 'SEAL 10-60031-58 10 EA\n', '', '', '', '', '', '00:00:00', '00:00:00', '', '', '', 'NO LLEGO MATERIAL', '', 0, '0000-00-00'),
(347, 'AVIATSA', 'HR-AVR', 'L/H WING LEADING EDGE CAVITY INTERIOR-', 'PINTURA BLANCA', 'CPCP', 'C57-302-01 (1 OF 2)', '00:00:15', '00:00:15', 'CASETA CONTROL', 'PARA CIERRE DE AREA', 'ALA', '', 'logo.png', 1, '2023-05-31'),
(348, 'AVIATSA', 'HR-AVR', 'R/H WING LEADING EDGE CAVITY INTERIOR-', 'PINTURA BLANCA', 'CPCP', 'C57-302-01 (2 OF 2)', '00:00:19', '00:00:19', 'CASETA CONTROL', 'TERMINADO', 'ALA', '', 'logo.png', 1, '2023-05-31'),
(349, 'AVIATSA', 'HR-AVR', 'L/H WING LEAD EDGE CAVITY INTER ENG SUPP FITT', 'SELLANTE 870 B1/2', 'CPCP', 'C57-302-03 (1 OF 2)', '00:00:00', '00:00:00', 'CASETA CONTROL', 'TERMINADO', 'ALA', '', 'logo.png', 1, '2023-05-31'),
(350, 'AVIATSA', 'HR-AVR', 'R/H WING LEAD EDGE CAVITY INTER ENG SUPP FITT', 'SELLANTE 870 B1/2', 'CPCP', 'C57-302-03 (2 OF 2)', '00:00:00', '00:00:00', 'CASETA CONTROL', 'VERIFICACION FINAL', 'ALA', '', 'logo.png', 1, '2023-05-31'),
(351, 'AVIATSA', 'HR-AVR', 'L/H WING LEADING EDGE CAVITY INTERIOR-', 'PENDIENTE POR AACION CORRECTIVA EN TNR 438 Y APLICACI?N DE DINITROL', 'CPCP', 'C57-302-04 (1 OF 2)', '00:00:27', '00:00:27', 'CASETA CONTROL', 'TERMINADO', 'ALA', '', 'logo.png', 1, '2023-05-31'),
(352, 'AVIATSA', 'HR-AVR', 'R/H WING LEADING EDGE CAVITY INTERIOR', 'PENDIENTE POR FALTA APLICACI?N DE DINITROL HASTA LA INSTALACION DE ESTABILIZADOR IZQUIERDO', 'CPCP', 'C57-302-04 (2 OF 2)', '00:00:32', '00:00:32', 'CASETA CONTROL', 'TERMINADO', 'ALA', '', 'logo.png', 1, '2023-05-31'),
(353, 'AVIATSA', 'HR-AVR', 'L/H WING OUTBOARD MAIN BOX- DRY BAY', 'FALTA CERRAR PANELES Y APLICAR SELLANTE', 'CPCP', 'C57-305-02 (1 OF 2)', '00:00:18', '00:00:18', 'CASETA CONTROL', 'TERMINADO', 'ALA', '', 'logo.png', 1, '2023-05-31'),
(354, 'AVIATSA', 'HR-AVR', 'R/H WING OUTBOARD MAIN BOX- DRY BAY', 'EN PROCESO DE APLICADO DE DINITROL', 'CPCP', 'C57-305-02 (2 OF 2)', '00:00:22', '00:00:22', 'CASETA CONTROL', 'TERMINADO', 'ALA', '', 'logo.png', 1, '2023-05-31'),
(355, 'SEAL 10-60031-58 10 EA\n', '', '', '', '', '', '00:00:00', '00:00:00', '', '', '', 'NO LLEGO MATERIAL', '', 0, '0000-00-00'),
(356, 'SEAL 10-60031-58 10 EA\n', '', '', '', '', '', '00:00:00', '00:00:00', '', '', '', 'NO LLEGO MATERIAL', '', 0, '0000-00-00'),
(357, 'AVIATSA', 'HR-AVR', 'L/H WING T/E CAVITY- INTERIOR, INCLUDING FLAPS TRACK', 'CIERRE DE ACCESOS PENDIENTE POR TRABAJOS DE HIDRAULICA (PEDIDO DE MATERIAL POR PARTE DE HIDRAULICA)', 'CPCP', 'C57-306-01 (1 OF 2)', '00:00:26', '00:00:26', 'CASETA CONTROL', 'TERMINADO', 'ALA', '', 'logo.png', 1, '2023-05-31'),
(358, 'AVIATSA', 'HR-AVR', 'R/H WING T/E CAVITY-INTERIOR, INCLUDING FLAPS TRACK', '', 'CPCP', 'C57-306-01 (2 OF 2)', '00:00:26', '00:00:26', 'CASETA CONTROL', 'TERMINADO', 'ALA', '', 'logo.png', 1, '2023-05-31'),
(359, 'AVIATSA', 'HR-AVR', 'LEFT WING- LEADING EDGE CAVUTY INTERIOR, FRONT SPAR CHORDS', '', 'CPCP', 'C57-302-02 (3 OF 4)', '00:00:26', '00:00:26', 'CASETA CONTROL', 'TERMINADO', 'ALA', '', 'logo.png', 1, '2023-05-31'),
(360, 'AVIATSA', 'HR-AVR', 'RIGHT WING- LEADING EDGE CAVITY INTERIOR, FRONT SPAR CHORDS', '', 'CPCP', 'C57-302-02 (4 OF 4)', '00:00:26', '00:00:26', 'CASETA CONTROL', 'TERMINADO', 'ALA', '', 'logo.png', 1, '2023-05-31'),
(361, 'AVIATSA', 'HR-AVR', 'PERFORM REMOVE AND INSTALATION ENGINE POS. 1', 'PENDIENTE HASTA INSTALACION DE MOTOR 1', 'ADICIONALES', '1730HC46', '00:00:00', '00:00:00', 'CASETA CONTROL', 'PRUEBAS FUN/OP', 'MOTORES', '', 'logo.png', 1, '2023-05-31'),
(362, 'AVIATSA', 'HR-AVR', 'PERFORM REMOVE AND INSTALATION ENGINE POS 2', 'PENDIENTE HASTA INSTALACION DE MOTOR 2', 'ADICIONALES', '1730HC47', '00:00:00', '00:00:00', 'CASETA CONTROL', 'PRUEBAS FUN/OP', 'MOTORES', '', 'logo.png', 1, '2023-05-31'),
(363, 'AVIATSA', 'HR-AVR', 'PERFORM ACTUALIZATION MAPPING DENT AIRCRAFT B737-232', '', 'ADICIONALES', '1730HC48', '00:00:00', '00:00:00', 'CASETA CONTROL', 'EN PROCESO', 'FUSELAJE', '', 'logo.png', 1, '2023-05-31'),
(364, 'AVIATSA', 'HR-AVR', 'PERFORM VOR ACCURACY CHECK', 'PENDIENTE HASTA ENERGIZAR LA AERONAVE', 'ADICIONALES', '1730HC49', '00:00:00', '00:00:00', 'CASETA CONTROL', 'PRUEBAS FUN/OP', 'AVIONICA', '', 'logo.png', 1, '2023-05-31'),
(365, 'AVIATSA', 'HR-AVR', 'PERFORM PITOT STATIC PRESSURE SYSTEM CALIBRATION AND TEST FOR REGULATION', 'PENDIENTE HASTA ENERGIZAR LA AERONAVE', 'ADICIONALES', '1730HC50', '00:00:00', '00:00:00', 'CASETA CONTROL', 'PRUEBAS FUN/OP', 'AVIONICA', '', 'logo.png', 1, '2023-05-31'),
(366, 'AVIATSA', 'HR-AVR', 'PERFORM ALTIMETERS CALIBRATION AND TEST FOR REGULATION', 'PENDIENTE HASTA ENERGIZAR LA AERONAVE', 'ADICIONALES', '1730HC51', '00:00:00', '00:00:00', 'CASETA CONTROL', 'PRUEBAS FUN/OP', 'AVIONICA', '', 'logo.png', 1, '2023-05-31'),
(367, 'AVIATSA', 'HR-AVR', 'PERFORM COMPASS SWING CALIBRATING AND TEST FOR REGULATION', 'PENDIENTE HASTA ENERGIZAR LA AERONAVE', 'ADICIONALES', '1730HC52', '00:00:00', '00:00:00', 'CASETA CONTROL', 'PRUEBAS FUN/OP', 'AVIONICA', '', 'logo.png', 1, '2023-05-31'),
(368, 'AVIATSA', 'HR-AVR', 'PERFORM FLIGHT DATA RECORDER CHECK AND TEST FOR REGULATION', 'PENDIENTE HASTA ENERGIZAR LA AERONAVE', 'ADICIONALES', '1730HC53', '00:00:00', '00:00:00', 'CASETA CONTROL', 'PRUEBAS FUN/OP', 'AVIONICA', '', 'logo.png', 1, '2023-05-31'),
(369, 'AVIATSA', 'HR-AVR', 'PERFORM COPY VOICE RECORDER CHECK AND TEST FOR REGULATION', 'PENDIENTE HASTA ENERGIZAR LA AERONAVE', 'ADICIONALES', '1730HC54', '00:00:00', '00:00:00', 'CASETA CONTROL', 'PRUEBAS FUN/OP', 'AVIONICA', '', 'logo.png', 1, '2023-05-31'),
(370, 'AVIATSA', 'HR-AVR', 'PERFORM TRANSPONDER CHECK AND TEST FOR REGULATION', 'PENDIENTE HASTA ENERGIZAR LA AERONAVE', 'ADICIONALES', '1730HC55', '00:00:00', '00:00:00', 'CASETA CONTROL', 'PRUEBAS FUN/OP', 'AVIONICA', '', 'logo.png', 1, '2023-05-31'),
(371, 'AVIATSA', 'HR-AVR', 'PERFORM ELT INSPECTION CHECK AND TEST FOR REGULATION', 'PENDIENTE HASTA ENERGIZAR LA AERONAVE', 'ADICIONALES', '1730HC56', '00:00:00', '00:00:00', 'CASETA CONTROL', 'PRUEBAS FUN/OP', 'AVIONICA', '', 'logo.png', 1, '2023-05-31'),
(372, 'AVIATSA', 'HR-AVR', 'PERFORM PAINT AIRCRAFT ACCORDING TO SCHEME OF AVIATSA', 'SIGUEN LIJANDO(PINTURA BLANCA, PLOMA Y PRIMER)', 'ADICIONALES', '1730HC57', '00:00:00', '00:00:00', 'CASETA CONTROL', 'EN PROCESO', 'FUSELAJE', '', 'logo.png', 1, '2023-05-31'),
(373, 'AVIATSA', 'HR-AVR', 'PERFORM INVENTORY OF THE MLG AND NOSE COMPONENTS INSTALLED ON THE AIRCRAFT', '', 'ADICIONALES', '1730HC58/ AT-GM-0046/2021', '00:00:00', '00:00:00', 'CASETA CONTROL', 'EN PROCESO', 'HIDRAULICA', '', 'logo.png', 1, '2023-05-31'),
(374, 'AVIATSA', 'HR-AVR', 'REMOVE AND INSTALATION HARD TIME AIRCRAFT B737-232, REGISTER HR-AVR', '', 'ADICIONALES', '1730HC71', '00:00:00', '00:00:00', 'CASETA CONTROL', 'SIN EMPEZAR', 'CABINA', '', 'logo.png', 1, '2023-05-31'),
(375, 'AVIATSA', 'HR-AVR', '\"MAKE INVENTORY OF ENGINE POSITION # 2 P/N: JT8D-15', ' S/N: 657077\"', 'SELLOS', 'ADICIONALES', '00:17:30', '00:00:00', '', 'CASETA CONTROL', 'SIN EMPEZAR', '', '', 0, '0000-00-00'),
(376, 'AVIATSA', 'HR-AVR', 'WEIGHT AND BALANCE AIRCRAFT B737-232, REGISTER HR-AVR', 'PENDIENTE HASTA ENERGIZAR LA AERONAVE', 'ADICIONALES', '1730HC74', '00:00:00', '00:00:00', 'CASETA CONTROL', 'SIN EMPEZAR', 'HIDRAULICA', '', 'logo.png', 1, '2023-05-31'),
(377, 'AVIATSA', 'HR-AVR', 'PERFORM EYEBROW WINDOW #4 AND #5 REPLACEMENT IN ACCORDING SUPLEMENTAL TYPE CERTIFICATE: STC1630SE', 'SELLOS', 'ADICIONALES', '1730HC75', '00:00:00', '00:00:00', 'CASETA CONTROL', 'SIN EMPEZAR', 'CABINA', '', 'logo.png', 1, '2023-05-31'),
(378, 'AVIATSA', 'HR-AVR', 'FUELING FLOAT SWITCH INSTALATION- # 1 AND # 2, CENTER TANKS CONCERN: POTENTIAL FOR WIRE CHAFING AND ARCING TO CONDUIT INSIDE TLE TANK. REF. AMM 28-21-', '', 'ADICIONALES', '28-AWL-14', '00:00:00', '00:00:00', 'CASETA CONTROL', 'EN PROCESO', 'AVIONICA', '', 'logo.png', 1, '2023-05-31'),
(379, 'AVIATSA', 'HR-AVR', 'FUEL TANK ACCESS DOORS No. 1 THROUGH 13 LIGHTNING PROTECTION ELECTRICAL DESIGN FEATURES CONCERN: POTENTIAL FOR ARCING OR SPARKING INSIDE THE TANK AT T', '', 'ADICIONALES', '28-AWL-16', '00:00:00', '00:00:00', 'CASETA CONTROL', 'SIN EMPEZAR', 'AVIONICA', '', 'logo.png', 1, '2023-05-31'),
(380, 'AVIATSA', 'HR-AVR', 'SURGE TANK (VENT SCOOP) ACCESS DOORS No. 14 LIGHTNING PROTECTION ELECTRICAL DESIGN FEATURES CONCERN: POTENTIAL FOR ARCING OR SPARKING INSIDE THE TANK ', '', 'ADICIONALES', '28-AWL-17', '00:00:00', '00:00:00', 'CASETA CONTROL', 'SIN EMPEZAR', 'AVIONICA', '', 'logo.png', 1, '2023-05-31'),
(381, 'AVIATSA', 'HR-AVR', 'OVER-CURRENT AND ARCING PROTECTION ELECTRICAL DESIGN FEATURES- FUEL PUMP CIRCUIT', 'FALTA INSTALAR SIDEWALL PNAELS PEDIDO DE ACUERDO A TNR', 'ADICIONALES', '28-AWL-19', '00:00:00', '00:00:00', 'CASETA CONTROL', 'PRUEBAS FUN/OP', 'AVIONICA', '', 'logo.png', 1, '2023-05-31'),
(382, 'SEAL 10-60031-58 10 EA\n', '', '', '', '', '', '00:00:00', '00:00:00', '', '', '', 'NO LLEGO MATERIAL', '', 0, '0000-00-00'),
(383, 'SEAL 10-60031-58 10 EA\n', '', '', '', '', '', '00:00:00', '00:00:00', '', '', '', 'NO LLEGO MATERIAL', '', 0, '0000-00-00'),
(384, 'SEAL 10-60031-58 10 EA\n', '', '', '', '', '', '00:00:00', '00:00:00', '', '', '', 'NO LLEGO MATERIAL', '', 0, '0000-00-00'),
(385, 'SEAL 10-60031-58 10 EA\n', '', '', '', '', '', '00:00:00', '00:00:00', '', '', '', 'NO LLEGO MATERIAL', '', 0, '0000-00-00'),
(386, 'SEAL 10-60031-58 10 EA\n', '', '', '', '', '', '00:00:00', '00:00:00', '', '', '', 'NO LLEGO MATERIAL', '', 0, '0000-00-00'),
(387, 'AVIATSA', 'HR-AVR', 'OVER-CURRENT AND ARCING PROTECTION ELECTRICAL DESIGN FEATURES OPERATION- BOOST', '', 'ADICIONALES', '28-AWL-23', '00:00:00', '00:00:00', 'CASETA CONTROL', 'PRUEBAS FUN/OP', 'AVIONICA', '', 'logo.png', 1, '2023-05-31'),
(388, 'SEAL 10-60031-58 10 EA\n', '', '', '', '', '', '00:00:00', '00:00:00', '', '', '', 'NO LLEGO MATERIAL', '', 0, '0000-00-00'),
(389, 'SEAL 10-60031-58 10 EA\n', '', '', '', '', '', '00:00:00', '00:00:00', '', '', '', 'NO LLEGO MATERIAL', '', 0, '0000-00-00'),
(390, 'SEAL 10-60031-58 10 EA\n', '', '', '', '', '', '00:00:00', '00:00:00', '', '', '', 'NO LLEGO MATERIAL', '', 0, '0000-00-00'),
(391, 'SEAL 10-60031-58 10 EA\n', '', '', '', '', '', '00:00:00', '00:00:00', '', '', '', 'NO LLEGO MATERIAL', '', 0, '0000-00-00'),
(392, 'SEAL 10-60031-58 10 EA\n', '', '', '', '', '', '00:00:00', '00:00:00', '', '', '', 'NO LLEGO MATERIAL', '', 0, '0000-00-00'),
(393, 'AVIATSA', 'HR-AVR', 'AC FUEL BOOST PUMP INSTALATION.', '', 'ADICIONALES', '28-AWL-29', '00:00:00', '00:00:00', 'CASETA CONTROL', 'TERMINADO', 'AVIONICA', '', 'logo.png', 1, '2023-05-31'),
(394, 'AVIATSA', 'HR-AVR', 'OVERWING FILL PORT BOND OF MAIN FUEL TANKS', '', 'ADICIONALES', '28-AWL-30', '00:00:00', '00:00:00', 'CASETA CONTROL', 'TERMINADO', 'AVIONICA', '', 'logo.png', 1, '2023-05-31'),
(395, 'AVIATSA', 'HR-AVR', 'IMPACT ? RESISTANT FUEL TANK ACCESS DOORS', '', 'ADICIONALES', '57-AWL-01', '00:00:00', '00:00:00', 'CASETA CONTROL', 'SIN EMPEZAR', 'AVIONICA', '', 'logo.png', 1, '2023-05-31'),
(396, 'AVIATSA', 'HR-AVR', 'REMOCION DE HPC DE MOTOR JT8D-15A DE LA AERONAVE BOEING 737-232, REGISTRO HR-AVR', '', 'ADICIONALES', 'SAE-1747-21', '00:00:00', '00:00:00', 'CASETA CONTROL', 'TERMINADO', 'MOTORES', '', 'logo.png', 1, '2023-05-31'),
(397, 'AVIATSA', 'HR-AVR', 'REMOCION DE HPC DE MOTOR JT8D-15A DE LA AERONAVE BOEING 737-232, REGISTRO HR-AVR', '', 'ADICIONALES', 'SAE-1746-21', '00:00:00', '00:00:00', 'CASETA CONTROL', 'TERMINADO', 'MOTORES', '', 'logo.png', 1, '2023-05-31'),
(398, 'AVIATSA', 'HR-AVR', 'FUSELAGE BODY STATION 277 FRAME AND BODY STATION 294.5 FLOOR BEAM INSPECTION AND REINFORCEMENT. 737 AIRPLANES LINE NUMBERS 1 TO 1207', '', 'SB', 'SB 737-53-1090', '00:00:00', '00:00:00', 'CASETA CONTROL', 'TERMINADO', 'CABINA', '', 'logo.png', 1, '2023-05-31'),
(399, 'AVIATSA', 'HR-AVR', 'FUSELAGE- STRINGER- TO TIE CLIP INSPECTION AND REPLACEMENT.', '', 'SB', 'SB 737-53-1268', '00:00:00', '00:00:00', 'CASETA CONTROL', 'POR INSTALACION', 'CABINA', '', 'logo.png', 1, '2023-05-31'),
(400, 'AVIATSA', 'HR-AVR', 'ELT installed In according with Supplemental Type Certificate Number.', 'SEALANT BMS5-45 CLASE B PR1776MB2B 24 OUNCES', 'STC', 'ST02929AT', '00:00:00', '00:00:00', 'CASETA CONTROL', 'SIN EMPEZAR', 'AVIONICA', '', 'logo.png', 1, '2023-05-31'),
(401, 'AVIATSA', 'HR-AVR', 'FUSELAGE-SECTION 48 INTERIOR, LEFT HORIZONTAL STABILIZER LUGS TO CENTER', '', 'OT', 'C53-701-02 (1 OF 6)', '00:00:00', '00:00:00', '', 'SIN EMPEZAR', 'EMPENAJE', '', 'logo.png', 1, '2023-05-31'),
(402, 'AVIATSA', 'HR-AVR', 'STRUCTURAL INSPECTION TASK CARD NO. SI-112A LH HORIZONTAL STABILIZER INTERNAL', '', 'OT', '2066HC01', '00:00:00', '00:00:00', '', 'SIN EMPEZAR', 'EMPENAJE', '', 'logo.png', 1, '2023-05-31'),
(403, 'AVIATSA', 'HR-AVR', 'STRUCTURAL INSPECTION TASK CARD NO. SI-124A LH HORIZONTAL STABILIZER FRONT AND REAR SPAR TO CENTER SECTION ATTACHMENT FITTINGS', '', 'OT', '2066HC02', '00:00:00', '00:00:00', '', 'SIN EMPEZAR', 'EMPENAJE', '', 'logo.png', 1, '2023-05-31'),
(404, 'AVIATSA', 'HR-AVR', 'STRUCTURAL INSPECTION TASK CARD NO. SI-135A LH HORIZONTAL STABILIZER FRONT SPAR TO CENTER SECTION ATTACH BOLTS AT UPPER AND LOWER CHORD FITTING', '', 'OT', '2066HC03', '00:00:00', '00:00:00', '', 'SIN EMPEZAR', 'EMPENAJE', '', 'logo.png', 1, '2023-05-31'),
(405, 'AVIATSA', 'HR-AVR', 'STRUCTURAL INSPECTION TASK CARD NO. SI-136B LH HORIZONTAL STABILIZER INTERNAL STRUCTURE', '', 'OT', '2066HC04', '00:00:00', '00:00:00', '', 'SIN EMPEZAR', 'EMPENAJE', '', 'logo.png', 1, '2023-05-31'),
(406, 'AVIATSA', 'HR-AVR', 'DAMAGED TRAILING EDGE DISCHARGER (PZAS. 2) ON VERTICAL STABILIZER', '\"DISCHARGER 610D1B 740001-1', ' 5 EA\"', 'TNR', '00:00:00', '00:00:00', '', 'CASETA CONTROL', 'EN PROCESO', '', 'LLEGO MATERIAL', 0, '0000-00-00'),
(407, 'AVIATSA', 'HR-AVR', 'BURNED LAMP ON TAIL CONE COMPARTMENT DOME', 'PENDIENTE HASTA ENERGIZAR LA AERONAVE', 'TNR', 'TNR 1', '00:00:00', '00:00:00', 'CASETA CONTROL', 'PRUEBAS FUN/OP', 'AVIONICA', '', 'logo.png', 1, '2023-05-31'),
(408, 'AVIATSA', 'HR-AVR', 'DAMAGED PLACARDS OF OPENING AND CLOSING ON DOOR E/E', '', 'TNR', 'TNR 2', '00:00:00', '00:00:00', 'CASETA CONTROL', 'EN PROCESO', 'AVIONICA', '', 'logo.png', 1, '2023-05-31'),
(409, 'SEAL 10-60031-58 10 EA\n', '', '', '', '', '', '00:00:00', '00:00:00', '', '', '', 'NO LLEGO MATERIAL', '', 0, '0000-00-00'),
(410, 'AVIATSA', 'HR-AVR', 'MISSING HOLDING KNOB AT MOUNTING TROY ON FLIGHT RECORDER', '', 'TNR', 'TNR 4', '00:00:00', '00:00:00', 'CASETA CONTROL', 'TERMINADO', 'AVIONICA', '', 'logo.png', 1, '2023-05-31'),
(411, 'SEAL 10-60031-58 10 EA\n', '', '', '', '', '', '00:00:00', '00:00:00', '', '', '', 'NO LLEGO MATERIAL', '', 0, '0000-00-00'),
(412, 'AVIATSA', 'HR-AVR', 'DAMAGED PAD ON NOSE GEAR TAXI LIGHT HOUSING', 'PAD P/N: 51-0308-1', 'TNR', 'TNR 7', '00:00:00', '00:00:00', 'CASETA CONTROL', 'TERMINADO', 'AVIONICA', '', 'logo.png', 1, '2023-05-31'),
(413, 'AVIATSA', 'HR-AVR', 'DAMAGED, INSULATOR ON GEAR TAXI LIGHT HOUSING', 'INSULATOR 12709 1 EA', 'TNR', 'TNR 8', '00:00:00', '00:00:00', 'CASETA CONTROL', 'POR INSTALACION', 'AVIONICA', '', 'logo.png', 1, '2023-05-31'),
(414, 'AVIATSA', 'HR-AVR', 'DAMAGED SEALANT ON EDGE OF ANTENNA VHF # 3', '', 'TNR', 'TNR 9', '00:00:01', '00:00:01', 'CASETA CONTROL', 'TERMINADO', 'AVIONICA', '', 'logo.png', 1, '2023-05-31'),
(415, 'AVIATSA', 'HR-AVR', 'WITH FLAKED PRIMER ON ENGINE COWL PANELS', '', 'TNR', 'TNR 10', '00:00:39', '00:00:39', 'CASETA CONTROL', 'TERMINADO', 'MOTORES', '', 'logo.png', 1, '2023-05-31'),
(416, 'AVIATSA', 'HR-AVR', 'BROKEN STRANDS ON FWD TOILET SERVICE DOOR BONDING JUMPER', '', 'TNR', 'TNR 11', '00:00:00', '00:00:00', 'CASETA CONTROL', 'TERMINADO', 'AVIONICA', '', 'logo.png', 1, '2023-05-31'),
(417, 'AVIATSA', 'HR-AVR', 'MISSING AND IMPROPER SCREW (MAGNETIC) AT ACCESS PANEL ON RIGHT WING TIP NAVIGATION LIGHT', 'BOLT NAS4204-4 20 EA', 'TNR', 'TNR 12', '00:00:00', '00:00:00', 'CASETA CONTROL', 'PENDIENTE MAT', 'AVIONICA', '', 'logo.png', 1, '2023-05-31'),
(418, 'AVIATSA', 'HR-AVR', '\"DAMAGED LENS ON CEILING MOUNTED AISLE \"\"EXIST LOCATOR SIGN\"\"\"', 'CAMBIAR TNOR', 'TNR', 'TNR 13', '00:00:00', '00:00:00', 'CASETA CONTROL', 'PENDIENTE MAT', 'AVIONICA', '', 'logo.png', 1, '2023-05-31'),
(419, 'AVIATSA', 'HR-AVR', 'BURNED LAMPS (PZAS. 2) ON AFT ACCESORY COMPARTMENT LIGHTS', 'PENDIENTE HASTA ENERGIZAR LA AERONAVE', 'TNR', 'TNR 17', '00:00:00', '00:00:00', 'CASETA CONTROL', 'PRUEBAS FUN/OP', 'AVIONICA', '', 'logo.png', 1, '2023-05-31'),
(420, 'AVIATSA', 'HR-AVR', 'LOOSE AND IMPROPER RIVET AT DISCHARGER BASE ON RIGHT WING TRAILING EDGE', 'RIVET BACR15CEB4F 8 EA', 'TNR', 'TNR 18', '00:00:00', '00:00:00', 'CASETA CONTROL', 'SIN EMPEZAR', 'AVIONICA', '', 'logo.png', 1, '2023-05-31'),
(421, 'AVIATSA', 'HR-AVR', 'INOPERATIVE SWITCH READING LIGHTS ON PASSENGER CABIN, ROW 3 ABC', '', 'TNR', 'TNR 19', '00:00:00', '00:00:00', 'CASETA CONTROL', 'TERMINADO', 'AVIONICA', '', 'logo.png', 1, '2023-05-31'),
(422, 'AVIATSA', 'HR-AVR', 'BURNED LAMP AT EXTERIOR EMERGENCY LIGHT ON RIGHT AFT ENTRY DOOR', 'PENDIENTE HASTA ENERGIZAR LA AERONAVE', 'TNR', 'TNR 20', '00:00:00', '00:00:00', 'CASETA CONTROL', 'PRUEBAS FUN/OP', 'AVIONICA', '', 'logo.png', 1, '2023-05-31'),
(423, 'AVIATSA', 'HR-AVR', 'WITH NICKS ON LEFT ENGINE C1 DISK BLADES', 'FALTA DOCUMENTACION/ NO HAY MANUAL ACTUALIZADO DEL MOTOR', 'TNR', 'TNR 21', '00:00:00', '00:00:00', 'CASETA CONTROL', 'TERMINADO', 'MOTORES', '', 'logo.png', 1, '2023-05-31'),
(424, 'AVIATSA', 'HR-AVR', 'DAMAGED PAINT AT LEADING EDGE ON DME # 1 ANTENNA', 'PINTURA BLANCA', 'TNR', 'TNR 22', '00:00:01', '00:00:01', 'CASETA CONTROL', 'EN PROCESO', 'AVIONICA', '', 'logo.png', 1, '2023-05-31'),
(425, 'SEAL 10-60031-58 10 EA\n', '', '', '', '', '', '00:00:00', '00:00:00', '', '', '', 'NO LLEGO MATERIAL', '', 0, '0000-00-00'),
(426, 'SEAL 10-60031-58 10 EA\n', '', '', '', '', '', '00:00:00', '00:00:00', '', '', '', 'NO LLEGO MATERIAL', '', 0, '0000-00-00'),
(427, 'AVIATSA', 'HR-AVR', 'BURNED LAMP ON LEFT MAIN WHELL WELL COMPARTMENT', 'PENDIENTE HASTA ENERGIZAR LA AERONAVE', 'TNR', 'TNR 24', '00:00:00', '00:00:00', 'CASETA CONTROL', 'PRUEBAS FUN/OP', 'AVIONICA', '', 'logo.png', 1, '2023-05-31'),
(428, 'AVIATSA', 'HR-AVR', 'DAMAGED SEALANT ON LEFT PITOT STATIC UPPER', '', 'TNR', 'TNR 25', '00:00:01', '00:00:01', 'CASETA CONTROL', 'TERMINADO', 'AVIONICA', '', 'logo.png', 1, '2023-05-31'),
(429, 'SEAL 10-60031-58 10 EA\n', '', '', '', '', '', '00:00:00', '00:00:00', '', '', '', 'NO LLEGO MATERIAL', '', 0, '0000-00-00'),
(430, 'SEAL 10-60031-58 10 EA\n', '', '', '', '', '', '00:00:00', '00:00:00', '', '', '', 'NO LLEGO MATERIAL', '', 0, '0000-00-00'),
(431, 'AVIATSA', 'HR-AVR', 'BROKEN PLACARDS OF FUELING INSTRUCTIONS ON PRESSURE FUELING DOOR P.15', '', 'TNR', 'TNR 29', '00:00:00', '00:00:00', 'CASETA CONTROL', 'TERMINADO', 'AVIONICA', '', 'logo.png', 1, '2023-05-31'),
(432, 'AVIATSA', 'HR-AVR', 'MISSING LENS ON CARGO COMPARTMENT LIGHTS FWD', '', 'TNR', 'TNR 30', '00:00:00', '00:00:00', 'CASETA CONTROL', 'TERMINADO', 'AVIONICA', '', 'logo.png', 1, '2023-05-31'),
(433, 'AVIATSA', 'HR-AVR', 'BURNED LAMP ON LEFT AIR CONDITIONING COMPARTMENT BAY', 'PENDIENTE HASTA ENERGIZAR LA AERONAVE', 'TNR', 'TNR 31', '00:00:00', '00:00:00', 'CASETA CONTROL', 'PRUEBAS FUN/OP', 'AVIONICA', '', 'logo.png', 1, '2023-05-31'),
(434, 'AVIATSA', 'HR-AVR', 'MISSING TIE BELT ON LEFT AIR CONDITIONING COMPARTMENT UNDER THE 35 VOLVE', 'LACING TAPE', 'TNR', 'TNR 32', '00:00:01', '00:00:01', 'CASETA CONTROL', 'TERMINADO', 'AVIONICA', '', 'logo.png', 1, '2023-05-31'),
(435, 'AVIATSA', 'HR-AVR', 'MISSING BACKSHELL AT CONNECTOR ON SWITCH ALTERNATE BRAKE LH MAIN WHELL WELL', 'PLUG-L BRAKE PEDAL SW BACC63BP12A3SNL BACC63BP12H3SN 1 EA', 'TNR', 'TNR 33', '00:00:00', '00:00:00', 'CASETA CONTROL', 'EN PROCESO', 'AVIONICA', 'NO LLEGO MATERIAL', 'logo.png', 1, '2023-05-31'),
(436, 'SEAL 10-60031-58 10 EA\n', '', '', '', '', '', '00:00:00', '00:00:00', '', '', '', 'NO LLEGO MATERIAL', '', 0, '0000-00-00'),
(437, 'AVIATSA', 'HR-AVR', 'INOPERATIVE SELECTOR CONTROL VALVE ON # 1 AND # 2 ENGINE FIRE EXTINGUISHER SYSTEM', 'VALVE ASSY-SOL. ACTUATING 511000 10-3289-2 2 EA', 'TNR', 'TNR 35', '00:00:00', '00:00:00', 'CASETA CONTROL', 'PRUEBAS FUN/OP', 'AVIONICA', '', 'logo.png', 1, '2023-05-31'),
(438, 'AVIATSA', 'HR-AVR', 'DAMAGED SEALANT ON EDGE OF ATC ANTENNAS', '', 'TNR', 'TNR 36', '00:00:01', '00:00:01', 'CASETA CONTROL', 'TERMINADO', 'AVIONICA', '', 'logo.png', 1, '2023-05-31'),
(439, 'AVIATSA', 'HR-AVR', 'WITH DELAMINATION AFT FAIRING PANEL 5240R', '', 'TNR', 'TNR 37', '00:00:29', '00:00:29', 'CASETA CONTROL', 'TERMINADO', 'ALA', '', 'logo.png', 1, '2023-05-31'),
(440, 'AVIATSA', 'HR-AVR', 'BURNED LAMP - FLUORESCENT (PZAS. 11) ON PASSENGER CABIN CEILING LIGHT', 'LAMP - -FLUORESCENT F40WW F40D41 11 EA', 'TNR', 'TNR 38', '00:00:00', '00:00:00', 'CASETA CONTROL', 'PRUEBAS FUN/OP', 'AVIONICA', '', 'logo.png', 1, '2023-05-31'),
(441, 'SEAL 10-60031-58 10 EA\n', '', '', '', '', '', '00:00:00', '00:00:00', '', '', '', 'NO LLEGO MATERIAL', '', 0, '0000-00-00'),
(442, 'AVIATSA', 'HR-AVR', 'LOOSEN SCREW AT BACKSHELL ON HAND MIKE. P6', '', 'TNR', 'TNR 41', '00:00:00', '00:00:00', 'CASETA CONTROL', 'TERMINADO', 'AVIONICA', '', 'logo.png', 1, '2023-05-31'),
(443, 'SEAL 10-60031-58 10 EA\n', '', '', '', '', '', '00:00:00', '00:00:00', '', '', '', 'NO LLEGO MATERIAL', '', 0, '0000-00-00'),
(444, 'AVIATSA', 'HR-AVR', 'DAMAGED PIN ON WEATHER RADAR ANTENNA CONNECTOR D00119', '', 'TNR', 'TNR 43', '00:00:00', '00:00:00', 'CASETA CONTROL', 'TERMINADO', 'AVIONICA', '', 'logo.png', 1, '2023-05-31'),
(445, 'SEAL 10-60031-58 10 EA\n', '', '', '', '', '', '00:00:00', '00:00:00', '', '', '', 'NO LLEGO MATERIAL', '', 0, '0000-00-00'),
(446, 'AVIATSA', 'HR-AVR', 'MISSING TIES BELT ON PRESSURE BULKHEAD SEALS FSS 626 STATION RH WING TIP', 'LACING TAPE', 'TNR', 'TNR 48', '00:00:00', '00:00:00', 'CASETA CONTROL', 'TERMINADO', 'AVIONICA', '', 'logo.png', 1, '2023-05-31'),
(447, 'AVIATSA', 'HR-AVR', 'MISSING TIES BELT ON WIRE HARNESS, FSS 567, FSS 256.0 AND FSS 219.1 STATIONS WING RH', 'LACING TAPE', 'TNR', 'TNR 49', '00:00:02', '00:00:02', 'CASETA CONTROL', 'TERMINADO', 'AVIONICA', '', 'logo.png', 1, '2023-05-31'),
(448, 'SEAL 10-60031-58 10 EA\n', '', '', '', '', '', '00:00:00', '00:00:00', '', '', '', 'NO LLEGO MATERIAL', '', 0, '0000-00-00'),
(449, 'AVIATSA', 'HR-AVR', 'AFT FITTING WITH CORROSION ON BSTA 1016 AND S-20L', '', 'TNR', 'TNR 51', '00:00:05', '00:00:05', 'CASETA CONTROL', 'TERMINADO', 'FUSELAJE', '', 'logo.png', 1, '2023-05-31'),
(450, 'AVIATSA', 'HR-AVR', 'AFT FITTING WITH CORROSION ON BSTA 1016 AND S-23L', 'STRINGER ATTACH FITTING (S-23L) 65-49914-524 65C33547-13 1 EA', 'TNR', 'TNR 52', '00:00:00', '00:00:00', 'CASETA CONTROL', 'PARA INSPECCION', 'FUSELAJE', '', 'logo.png', 1, '2023-05-31'),
(451, 'AVIATSA', 'HR-AVR', 'AFT FITTING WITH CORROSION ON BSTA 1016 AND S-25L', '', 'TNR', 'TNR 53', '00:00:05', '00:00:05', 'CASETA CONTROL', 'TERMINADO', 'FUSELAJE', '', 'logo.png', 1, '2023-05-31'),
(452, 'AVIATSA', 'HR-AVR', 'AFT FITTING WITH CORROSION ON BSTA 1016 AND S-26L', '', 'TNR', 'TNR 54', '00:00:05', '00:00:05', 'CASETA CONTROL', 'TERMINADO', 'FUSELAJE', '', 'logo.png', 1, '2023-05-31'),
(453, 'AVIATSA', 'HR-AVR', 'PEELING PRIMER ON S-23R BETWEEN BSTA 1064 AND BSTA 1088', '', 'TNR', 'TNR 55', '00:00:07', '00:00:07', 'CASETA CONTROL', 'TERMINADO', 'FUSELAJE', '', 'logo.png', 1, '2023-05-31'),
(454, 'AVIATSA', 'HR-AVR', 'SCRATCH ON AFT PRESSURE BULKHEAD, AFT SIDE', '', 'TNR', 'TNR 56', '00:00:01', '00:00:01', 'CASETA CONTROL', 'TERMINADO', 'FUSELAJE', '', 'logo.png', 1, '2023-05-31'),
(455, 'AVIATSA', 'HR-AVR', 'AFT FITTING WITH CORROSION ON BSTA 1016 AND S-27L', '', 'TNR', 'TNR 57', '00:00:05', '00:00:05', 'CASETA CONTROL', 'TERMINADO', 'FUSELAJE', '', 'logo.png', 1, '2023-05-31'),
(456, 'AVIATSA', 'HR-AVR', 'BULKHEAD DIRTY ON BSTA 1088 AFT SIDE', '', 'TNR', 'TNR 58', '00:00:16', '00:00:16', 'CASETA CONTROL', 'TERMINADO', 'FUSELAJE', '', 'logo.png', 1, '2023-05-31'),
(457, 'AVIATSA', 'HR-AVR', 'PEELING PRIMER ON S-21R BETWEEN BSTA 1064 AND BSTA 1088', '', 'TNR', 'TNR 59', '00:00:04', '00:00:04', 'CASETA CONTROL', 'TERMINADO', 'FUSELAJE', '', 'logo.png', 1, '2023-05-31'),
(458, 'AVIATSA', 'HR-AVR', 'PEELING PAINT ON LOWER CHORD BSTA 1088 & S-23R', '', 'TNR', 'TNR 60', '00:00:07', '00:00:07', 'CASETA CONTROL', 'TERMINADO', 'FUSELAJE', '', 'logo.png', 1, '2023-05-31'),
(459, 'AVIATSA', 'HR-AVR', 'HANDLE LOOSE ON AIRSTAIR', '', 'TNR', 'TNR 61', '00:00:04', '00:00:04', 'CASETA CONTROL', 'TERMINADO', 'CABINA', '', 'logo.png', 1, '2023-05-31'),
(460, 'AVIATSA', 'HR-AVR', 'DELAMINATION INNER SURFACE OF THE RH AIR CONDITIONING DOOR', '', 'TNR', 'TNR 62', '00:00:04', '00:00:04', 'CASETA CONTROL', 'TERMINADO', 'FUSELAJE', '', 'logo.png', 1, '2023-05-31'),
(461, 'AVIATSA', 'HR-AVR', 'PROTECTION DAMAGED ON INNER SURFACE OF THE AIRCOND DOOR RH', '', 'TNR', 'TNR 63', '00:00:04', '00:00:04', 'CASETA CONTROL', 'TERMINADO', 'FUSELAJE', '', 'logo.png', 1, '2023-05-31'),
(462, 'SEAL 10-60031-58 10 EA\n', '', '', '', '', '', '00:00:00', '00:00:00', '', '', '', 'NO LLEGO MATERIAL', '', 0, '0000-00-00'),
(463, 'SEAL 10-60031-58 10 EA\n', '', '', '', '', '', '00:00:00', '00:00:00', '', '', '', 'NO LLEGO MATERIAL', '', 0, '0000-00-00'),
(464, 'AVIATSA', 'HR-AVR', 'DELAMINATION INNER SURFACE OF THE AIRCOND LH DOOR', '', 'TNR', 'TNR 65', '00:00:05', '00:00:05', 'CASETA CONTROL', 'TERMINADO', 'FUSELAJE', '', 'logo.png', 1, '2023-05-31'),
(465, 'SEAL 10-60031-58 10 EA\n', '', '', '', '', '', '00:00:00', '00:00:00', '', '', '', 'NO LLEGO MATERIAL', '', 0, '0000-00-00'),
(466, 'SEAL 10-60031-58 10 EA\n', '', '', '', '', '', '00:00:00', '00:00:00', '', '', '', 'NO LLEGO MATERIAL', '', 0, '0000-00-00'),
(467, 'SEAL 10-60031-58 10 EA\n', '', '', '', '', '', '00:00:00', '00:00:00', '', '', '', 'NO LLEGO MATERIAL', '', 0, '0000-00-00'),
(468, 'SEAL 10-60031-58 10 EA\n', '', '', '', '', '', '00:00:00', '00:00:00', '', '', '', 'NO LLEGO MATERIAL', '', 0, '0000-00-00');
INSERT INTO `seguimiento` (`id_seguimiento`, `cliente_seguimiento`, `matricula_seguimiento`, `descripcion_seguimiento`, `observaciones`, `tipo_tarjeta`, `codigo_seguimiento`, `horas_minimo`, `horas_maximo`, `ubicacion_seguimiento`, `estados_seguimiento`, `area_seguimiento`, `materiales_seguimiento`, `foto_seguimiento`, `disponible`, `fecha_creacion`) VALUES
(469, 'AVIATSA', 'HR-AVR', 'HINGE HOLES WORNED ON LOWER NOSE COMPARTMENT ACCESS DOOR', 'PENDIENTE HASTA INSTALACION DE NUEVO SELLO DEL COMPARTMENT ACCES DOOR VER TNR 67', 'TNR', 'TNR 68', '00:00:00', '00:00:00', 'CASETA CONTROL', 'PARA CIERRE DE AREA', 'FUSELAJE', '', 'logo.png', 1, '2023-05-31'),
(470, 'AVIATSA', 'HR-AVR', 'MISALIGNMENT ELECTRONIC COMPARTMENT ACCESS DOOR', 'PARA CERRAR', 'TNR', 'TNR 69', '00:00:00', '00:00:00', 'CASETA CONTROL', 'TERMINADO', 'FUSELAJE', '', 'logo.png', 1, '2023-05-31'),
(471, 'SEAL 10-60031-58 10 EA\n', '', '', '', '', '', '00:00:00', '00:00:00', '', '', '', 'NO LLEGO MATERIAL', '', 0, '0000-00-00'),
(472, 'AVIATSA', 'HR-AVR', 'DIRTY AFTER TOILET PANEL', '', 'TNR', 'TNR 72', '00:00:03', '00:00:03', 'CASETA CONTROL', 'TERMINADO', 'FUSELAJE', '', 'logo.png', 1, '2023-05-31'),
(473, 'AVIATSA', 'HR-AVR', 'BROKEN COVER ON INSIDE HANDLE OF THE AFT GALLEY DOOR', '', 'TNR', 'TNR 73', '00:00:00', '00:00:00', 'CASETA CONTROL', 'EN PROCESO', 'CABINA', '', 'logo.png', 1, '2023-05-31'),
(474, 'AVIATSA', 'HR-AVR', 'DIRTY PHERIPHERICAL SEAL ON FWD CARGO DOOR', '', 'TNR', 'TNR 74', '00:00:00', '00:00:00', 'CASETA CONTROL', 'PARA INSPECCION', 'BUZONES', '', 'logo.png', 1, '2023-05-31'),
(475, 'AVIATSA', 'HR-AVR', 'DOOR STOPS WITH OXIDATION ON AFT CARGO DOOR', '', 'TNR', 'TNR 75', '00:00:00', '00:00:00', 'CASETA CONTROL', 'TERMINADO', 'BUZONES', '', 'logo.png', 1, '2023-05-31'),
(476, 'AVIATSA', 'HR-AVR', 'SCRIBE LINES NEAR TO WING TO BODY FAIRING RH SIDE SKIN OF FUSELAGE', '', 'TNR', 'TNR 76', '00:00:23', '00:00:23', 'CASETA CONTROL', 'TERMINADO', 'FUSELAJE', '', 'logo.png', 1, '2023-05-31'),
(477, 'AVIATSA', 'HR-AVR', 'SEALANT DAMAGED AROUND FUSELAGE REPAIR ON BSTA 340 RH SIDE', '', 'TNR', 'TNR 77', '00:00:03', '00:00:03', 'CASETA CONTROL', 'TERMINADO', 'FUSELAJE', '', 'logo.png', 1, '2023-05-31'),
(478, 'AVIATSA', 'HR-AVR', 'RUBBING BETWEEN ELECTRONIC COMPARTMENT ACCESS DOOR AND FRAME BSTA 328', 'PARA CERRAR', 'TNR', 'TNR 78', '00:00:00', '00:00:00', 'CASETA CONTROL', 'TERMINADO', 'FUSELAJE', '', 'logo.png', 1, '2023-05-31'),
(479, 'AVIATSA', 'HR-AVR', 'DELAMINATED PAINT ON RADOME', 'EN PROCESO DE PINTADO', 'TNR', 'TNR 79', '00:00:00', '00:00:00', 'CASETA CONTROL', 'EN PROCESO', 'FUSELAJE', '', 'logo.png', 1, '2023-05-31'),
(480, 'SEAL 10-60031-58 10 EA\n', '', '', '', '', '', '00:00:00', '00:00:00', '', '', '', 'NO LLEGO MATERIAL', '', 0, '0000-00-00'),
(481, 'AVIATSA', 'HR-AVR', 'SKIN DIRTY ON STATIC PORT LH', '', 'TNR', 'TNR 81', '00:00:01', '00:00:01', 'CASETA CONTROL', 'TERMINADO', 'FUSELAJE', '', 'logo.png', 1, '2023-05-31'),
(482, 'AVIATSA', 'HR-AVR', 'SCREWS WITH OXIDATION ON AIRSTAIR EXTERIOR OPERATION HANDLE', '', 'TNR', 'TNR 82', '00:00:01', '00:00:01', 'CASETA CONTROL', 'TERMINADO', 'FUSELAJE', '', 'logo.png', 1, '2023-05-31'),
(483, 'AVIATSA', 'HR-AVR', 'SCREWS WITH OXIDATION ON WATER DRAIN ON FUSELAGE SKIN', '', 'TNR', 'TNR 83', '00:00:06', '00:00:06', 'CASETA CONTROL', 'TERMINADO', 'FUSELAJE', '', 'logo.png', 1, '2023-05-31'),
(484, 'AVIATSA', 'HR-AVR', 'WATER PANEL DIRTY', '', 'TNR', 'TNR 84', '00:00:01', '00:00:01', 'CASETA CONTROL', 'TERMINADO', 'FUSELAJE', '', 'logo.png', 1, '2023-05-31'),
(485, 'SEAL 10-60031-58 10 EA\n', '', '', '', '', '', '00:00:00', '00:00:00', '', '', '', 'NO LLEGO MATERIAL', '', 0, '0000-00-00'),
(486, 'AVIATSA', 'HR-AVR', 'DAMAGED SEAL ON RIGHT REVERSER DOOR DEFLECTOR FAIRING', '', 'TNR', 'TNR 87', '00:00:03', '00:00:03', 'CASETA CONTROL', 'TERMINADO', 'CABINA', '', 'logo.png', 1, '2023-05-31'),
(487, 'AVIATSA', 'HR-AVR', 'WITH LIGHT CORROSION ON STRUCTURE SINK CABINET OF AFT AND FWD LAVATORY', 'FALTA CERRAR', 'TNR', 'TNR 88', '00:00:05', '00:00:05', 'CASETA CONTROL', 'EN PROCESO', 'CABINA', '', 'logo.png', 1, '2023-05-31'),
(488, 'SEAL 10-60031-58 10 EA\n', '', '', '', '', '', '00:00:00', '00:00:00', '', '', '', 'NO LLEGO MATERIAL', '', 0, '0000-00-00'),
(489, 'SEAL 10-60031-58 10 EA\n', '', '', '', '', '', '00:00:00', '00:00:00', '', '', '', 'NO LLEGO MATERIAL', '', 0, '0000-00-00'),
(490, 'SEAL 10-60031-58 10 EA\n', '', '', '', '', '', '00:00:00', '00:00:00', '', '', '', 'NO LLEGO MATERIAL', '', 0, '0000-00-00'),
(491, 'SEAL 10-60031-58 10 EA\n', '', '', '', '', '', '00:00:00', '00:00:00', '', '', '', 'NO LLEGO MATERIAL', '', 0, '0000-00-00'),
(492, 'SEAL 10-60031-58 10 EA\n', '', '', '', '', '', '00:00:00', '00:00:00', '', '', '', 'NO LLEGO MATERIAL', '', 0, '0000-00-00'),
(493, 'SEAL 10-60031-58 10 EA\n', '', '', '', '', '', '00:00:00', '00:00:00', '', '', '', 'NO LLEGO MATERIAL', '', 0, '0000-00-00'),
(494, 'AVIATSA', 'HR-AVR', 'MISSING PORTABLE OXYGEN CYLINDER OF ACCORDING TO DRAWING AT-25-0001', 'OXYGEN CYLINDER P/N: 5600-2C1AXOK', 'TNR', 'TNR 90', '00:00:00', '00:00:00', 'CASETA CONTROL', 'TARJETA CANCELADA', 'CABINA', '', 'logo.png', 1, '2023-05-31'),
(495, 'AVIATSA', 'HR-AVR', 'MISSING OXYGEN MASKS ON PORTABLE OXYGEN CYLINDER OF THE CABIN PAX', 'OXYGEN MASK P/N: 28301-2', 'TNR', 'TNR 91', '00:00:00', '00:00:00', 'CASETA CONTROL', 'TARJETA CANCELADA', 'CABINA', '', 'logo.png', 1, '2023-05-31'),
(496, 'AVIATSA', 'HR-AVR', 'WITH HYDROSTATIC TEST EXPIRED THE THREE PORTABLES OXYGEN CYLINDER OF CABIN PAX', 'Se envio a taller botellon', 'TNR', 'TNR 92', '00:00:00', '00:00:00', 'CASETA CONTROL', 'PENDIENTE MAT', 'CABINA', '', 'logo.png', 1, '2023-05-31'),
(497, 'AVIATSA', 'HR-AVR', 'ICE AND RAIN PROTECTION PITOT STATIC TUBES, TEMPERATU-', '\"TIENE 3 SERVICE BULLETIN SB 737-30A1064 (PENDIENTE COMPONENTE: PANEL)', ' 373-30A1067(EN PROCESO) MARCO LEDEZMA 22/03/2022', ' 737-30A1068 (PARA CIERRE DE AREA) CUANDO SE TERMINE ELSB 737 1067 SE INSTALARA CONECTORES A LA JUNT', '00:00:00', '00:00:01', '', '', 'CASETA CONTROL', '', 'AVIONICA', 0, '0000-00-00'),
(498, 'SEAL 10-60031-58 10 EA\n', '', '', '', '', '', '00:00:00', '00:00:00', '', '', '', 'NO LLEGO MATERIAL', '', 0, '0000-00-00');

-- --------------------------------------------------------

--
-- Estructura de tabla para la tabla `servicios`
--

CREATE TABLE `servicios` (
  `id_servicio` int(11) NOT NULL,
  `cliente` varchar(30) NOT NULL,
  `matricula` varchar(30) NOT NULL,
  `observacion_servicio` varchar(100) NOT NULL,
  `horasminimo` float NOT NULL,
  `horasmaximo` float NOT NULL,
  `fechacreacion` date NOT NULL,
  `horastotal` float NOT NULL,
  `estado` tinyint(4) NOT NULL
) ENGINE=InnoDB DEFAULT CHARSET=utf8 COLLATE=utf8_spanish_ci;

--
-- Volcado de datos para la tabla `servicios`
--

INSERT INTO `servicios` (`id_servicio`, `cliente`, `matricula`, `observacion_servicio`, `horasminimo`, `horasmaximo`, `fechacreacion`, `horastotal`, `estado`) VALUES
(1, 'BOA', 'CP-2919', 'Sin Observaciones', 10, 10, '2023-04-18', 0, 1),
(4, 'ECOJET', 'CP-1330', 'NINGUNA', 9000, 9000, '2023-05-13', 0, 1),
(5, 'AMASZONAS', 'CP-5677', 'SIN OBSERVACIONES', 5000, 5000, '2023-05-14', 0, 1),
(6, 'AVIATSA', 'HR-AVR', 'S/N', 8650, 8650, '2023-06-12', 0, 1);

-- --------------------------------------------------------

--
-- Estructura de tabla para la tabla `usuario`
--

CREATE TABLE `usuario` (
  `id_usuario` int(11) NOT NULL,
  `nombre_usuario` varchar(100) NOT NULL,
  `email_usuario` varchar(100) NOT NULL,
  `ci_usuario` varchar(30) NOT NULL,
  `pass_usuario` varchar(255) NOT NULL,
  `rol_usuario` varchar(30) NOT NULL,
  `foto_usuario` varchar(100) NOT NULL,
  `fecha_creacion` date NOT NULL,
  `estado_usuario` tinyint(1) NOT NULL
) ENGINE=InnoDB DEFAULT CHARSET=utf8mb4 COLLATE=utf8mb4_general_ci;

--
-- Volcado de datos para la tabla `usuario`
--

INSERT INTO `usuario` (`id_usuario`, `nombre_usuario`, `email_usuario`, `ci_usuario`, `pass_usuario`, `rol_usuario`, `foto_usuario`, `fecha_creacion`, `estado_usuario`) VALUES
(1, 'Luis Ponce', 'amiponce698@gmail.com', '5270803', '$2y$10$QVLCKrnI1dkWF1ZXch1tU.x0ZhWewdPEI7bFOAjcKe4UBDT5/g69y', 'Administrador', 'avatar.png', '2022-09-15', 1),
(4, 'Moderador', 'mod@gmail.com', '', '$2y$10$QVLCKrnI1dkWF1ZXch1tU.x0ZhWewdPEI7bFOAjcKe4UBDT5/g69y', 'Moderador', 'avatar5.png', '2022-09-23', 1),
(5, 'Suscriptor', 'sus@gmail.com', '', '$2y$10$t2wm1tdytT.lEj.CN7F1megncNsWyIPQnYynOkAia7pOgVm2E.Lzy', 'Suscriptor', 'avatar3.png', '2022-10-01', 1),
(8, 'Boris Saavedra', 'bsaavedra@sae.aero', '', '$2y$10$VaenSysj9qxAAwKv66B12uU.etk1EA68hrufRfOzEKJDUWqZYoHpO', 'Moderador', 'logo.png', '2023-03-26', 1),
(9, 'Rodrigo Escalera Teran', 'rodrigo@email.com', '12345', '$2y$10$GUlXp5xKBZPPRpdh6PD3HeU7wqEmxPOp0r2CH52L2gAa2nw8Ci6RK', 'Moderador', 'gota.jpg', '2023-04-18', 1);

--
-- Índices para tablas volcadas
--

--
-- Indices de la tabla `archivos`
--
ALTER TABLE `archivos`
  ADD PRIMARY KEY (`id_archivo`);

--
-- Indices de la tabla `autorizacion`
--
ALTER TABLE `autorizacion`
  ADD PRIMARY KEY (`id_autorizacion`);

--
-- Indices de la tabla `carpetas`
--
ALTER TABLE `carpetas`
  ADD PRIMARY KEY (`id_carpeta`);

--
-- Indices de la tabla `cliente`
--
ALTER TABLE `cliente`
  ADD PRIMARY KEY (`id_cliente`);

--
-- Indices de la tabla `log_seguimiento`
--
ALTER TABLE `log_seguimiento`
  ADD PRIMARY KEY (`id_log_seguimiento`);

--
-- Indices de la tabla `marcacion`
--
ALTER TABLE `marcacion`
  ADD PRIMARY KEY (`id_marcacion`);

--
-- Indices de la tabla `materiales`
--
ALTER TABLE `materiales`
  ADD PRIMARY KEY (`id_material`);

--
-- Indices de la tabla `permiso`
--
ALTER TABLE `permiso`
  ADD PRIMARY KEY (`id_permiso`);

--
-- Indices de la tabla `permiso_usuario`
--
ALTER TABLE `permiso_usuario`
  ADD PRIMARY KEY (`id_permiso_usuario`);

--
-- Indices de la tabla `seguimiento`
--
ALTER TABLE `seguimiento`
  ADD PRIMARY KEY (`id_seguimiento`);

--
-- Indices de la tabla `servicios`
--
ALTER TABLE `servicios`
  ADD PRIMARY KEY (`id_servicio`);

--
-- Indices de la tabla `usuario`
--
ALTER TABLE `usuario`
  ADD PRIMARY KEY (`id_usuario`);

--
-- AUTO_INCREMENT de las tablas volcadas
--

--
-- AUTO_INCREMENT de la tabla `archivos`
--
ALTER TABLE `archivos`
  MODIFY `id_archivo` int(11) NOT NULL AUTO_INCREMENT, AUTO_INCREMENT=2;

--
-- AUTO_INCREMENT de la tabla `autorizacion`
--
ALTER TABLE `autorizacion`
  MODIFY `id_autorizacion` int(11) NOT NULL AUTO_INCREMENT, AUTO_INCREMENT=3;

--
-- AUTO_INCREMENT de la tabla `carpetas`
--
ALTER TABLE `carpetas`
  MODIFY `id_carpeta` int(11) NOT NULL AUTO_INCREMENT, AUTO_INCREMENT=25;

--
-- AUTO_INCREMENT de la tabla `cliente`
--
ALTER TABLE `cliente`
  MODIFY `id_cliente` int(11) NOT NULL AUTO_INCREMENT, AUTO_INCREMENT=3;

--
-- AUTO_INCREMENT de la tabla `log_seguimiento`
--
ALTER TABLE `log_seguimiento`
  MODIFY `id_log_seguimiento` int(11) NOT NULL AUTO_INCREMENT, AUTO_INCREMENT=10;

--
-- AUTO_INCREMENT de la tabla `marcacion`
--
ALTER TABLE `marcacion`
  MODIFY `id_marcacion` int(11) NOT NULL AUTO_INCREMENT, AUTO_INCREMENT=21;

--
-- AUTO_INCREMENT de la tabla `materiales`
--
ALTER TABLE `materiales`
  MODIFY `id_material` int(11) NOT NULL AUTO_INCREMENT, AUTO_INCREMENT=27;

--
-- AUTO_INCREMENT de la tabla `permiso`
--
ALTER TABLE `permiso`
  MODIFY `id_permiso` int(11) NOT NULL AUTO_INCREMENT, AUTO_INCREMENT=8;

--
-- AUTO_INCREMENT de la tabla `permiso_usuario`
--
ALTER TABLE `permiso_usuario`
  MODIFY `id_permiso_usuario` int(11) NOT NULL AUTO_INCREMENT, AUTO_INCREMENT=17;

--
-- AUTO_INCREMENT de la tabla `seguimiento`
--
ALTER TABLE `seguimiento`
  MODIFY `id_seguimiento` int(11) NOT NULL AUTO_INCREMENT, AUTO_INCREMENT=500;

--
-- AUTO_INCREMENT de la tabla `servicios`
--
ALTER TABLE `servicios`
  MODIFY `id_servicio` int(11) NOT NULL AUTO_INCREMENT, AUTO_INCREMENT=7;

--
-- AUTO_INCREMENT de la tabla `usuario`
--
ALTER TABLE `usuario`
  MODIFY `id_usuario` int(11) NOT NULL AUTO_INCREMENT, AUTO_INCREMENT=10;
COMMIT;

/*!40101 SET CHARACTER_SET_CLIENT=@OLD_CHARACTER_SET_CLIENT */;
/*!40101 SET CHARACTER_SET_RESULTS=@OLD_CHARACTER_SET_RESULTS */;
/*!40101 SET COLLATION_CONNECTION=@OLD_COLLATION_CONNECTION */;
